[{"model": "auth.user", "pk": 1, "fields": {"password": "pbkdf2_sha256$150000$fhRWC8MqeLAQ$QWOx/B0mfXlAFnrhBe8kAOr/98jLk/0U/7xI15qQ4O8=", "last_login": "2019-11-24T12:14:11.554Z", "is_superuser": true, "username": "root", "first_name": "", "last_name": "", "email": "juewel09@gmail.com", "is_staff": true, "is_active": true, "date_joined": "2019-08-16T15:31:29.496Z", "groups": [], "user_permissions": []}}, {"model": "auth.user", "pk": 2, "fields": {"password": "pbkdf2_sha256$150000$sQUbARhU2yf4$DGnhwNC/Te8gYV45jUdtthQ29rciQIRtC6dSDDZZOw4=", "last_login": null, "is_superuser": false, "username": "Beruni", "first_name": "", "last_name": "", "email": "", "is_staff": false, "is_active": true, "date_joined": "2019-10-11T13:32:19.066Z", "groups": [], "user_permissions": []}}, {"model": "sessions.session", "pk": "go96b6gnsk5kqryt50y2szcsht6plj3g", "fields": {"session_data": "MmY3NzMzNjY0NjQ4NTEwNWVhNjVlMThlYTA1ODNjNTI2OTcwMmYyZDp7Il9hdXRoX3VzZXJfaWQiOiIxIiwiX2F1dGhfdXNlcl9iYWNrZW5kIjoiZGphbmdvLmNvbnRyaWIuYXV0aC5iYWNrZW5kcy5Nb2RlbEJhY2tlbmQiLCJfYXV0aF91c2VyX2hhc2giOiI2ZDQ1YjI1ZmViYjk2NDkxOWU3NzQ0YmUzYzljN2ZiNTM3NDZhN2IxIn0=", "expire_date": "2019-12-08T12:14:11.561Z"}}, {"model": "sessions.session", "pk": "p4ylxw9qruatq6pstxu41rj7t5abuqhf", "fields": {"session_data": "MmY3NzMzNjY0NjQ4NTEwNWVhNjVlMThlYTA1ODNjNTI2OTcwMmYyZDp7Il9hdXRoX3VzZXJfaWQiOiIxIiwiX2F1dGhfdXNlcl9iYWNrZW5kIjoiZGphbmdvLmNvbnRyaWIuYXV0aC5iYWNrZW5kcy5Nb2RlbEJhY2tlbmQiLCJfYXV0aF91c2VyX2hhc2giOiI2ZDQ1YjI1ZmViYjk2NDkxOWU3NzQ0YmUzYzljN2ZiNTM3NDZhN2IxIn0=", "expire_date": "2019-11-22T17:25:49.740Z"}}, {"model": "sessions.session", "pk": "t4az8rsfwb7bgmcfcsjpiho7z2e5lg8w", "fields": {"session_data": "MmY3NzMzNjY0NjQ4NTEwNWVhNjVlMThlYTA1ODNjNTI2OTcwMmYyZDp7Il9hdXRoX3VzZXJfaWQiOiIxIiwiX2F1dGhfdXNlcl9iYWNrZW5kIjoiZGphbmdvLmNvbnRyaWIuYXV0aC5iYWNrZW5kcy5Nb2RlbEJhY2tlbmQiLCJfYXV0aF91c2VyX2hhc2giOiI2ZDQ1YjI1ZmViYjk2NDkxOWU3NzQ0YmUzYzljN2ZiNTM3NDZhN2IxIn0=", "expire_date": "2019-10-06T06:27:41.492Z"}}, {"model": "sessions.session", "pk": "u5yjmnomytc2jfffowb55tk9xczednbi", "fields": {"session_data": "MmY3NzMzNjY0NjQ4NTEwNWVhNjVlMThlYTA1ODNjNTI2OTcwMmYyZDp7Il9hdXRoX3VzZXJfaWQiOiIxIiwiX2F1dGhfdXNlcl9iYWNrZW5kIjoiZGphbmdvLmNvbnRyaWIuYXV0aC5iYWNrZW5kcy5Nb2RlbEJhY2tlbmQiLCJfYXV0aF91c2VyX2hhc2giOiI2ZDQ1YjI1ZmViYjk2NDkxOWU3NzQ0YmUzYzljN2ZiNTM3NDZhN2IxIn0=", "expire_date": "2019-09-29T19:36:15.251Z"}}, {"model": "sessions.session", "pk": "zrzq1zllzh1zf2tnk1da2lag69dz4ijt", "fields": {"session_data": "MmY3NzMzNjY0NjQ4NTEwNWVhNjVlMThlYTA1ODNjNTI2OTcwMmYyZDp7Il9hdXRoX3VzZXJfaWQiOiIxIiwiX2F1dGhfdXNlcl9iYWNrZW5kIjoiZGphbmdvLmNvbnRyaWIuYXV0aC5iYWNrZW5kcy5Nb2RlbEJhY2tlbmQiLCJfYXV0aF91c2VyX2hhc2giOiI2ZDQ1YjI1ZmViYjk2NDkxOWU3NzQ0YmUzYzljN2ZiNTM3NDZhN2IxIn0=", "expire_date": "2019-11-02T17:33:18.915Z"}}, {"model": "package_app.pe", "pk": 1, "fields": {"pe_name": "Specialized Division"}}, {"model": "package_app.pe", "pk": 2, "fields": {"pe_name": "Faridpur O&M Division"}}, {"model": "package_app.pe", "pk": 3, "fields": {"pe_name": "Magura O&M Division"}}, {"model": "package_app.pe", "pk": 4, "fields": {"pe_name": "Rajbari O&M Division"}}, {"model": "package_app.pe", "pk": 5, "fields": {"pe_name": "Gopalganj O&M Division"}}, {"model": "package_app.pe", "pk": 6, "fields": {"pe_name": "Jessore O&M Division"}}, {"model": "package_app.pe", "pk": 8, "fields": {"pe_name": "Central Workshop Division"}}, {"model": "package_app.pe", "pk": 9, "fields": {"pe_name": "Project Management Office (PMO)"}}, {"model": "package_app.subproject", "pk": 1, "fields": {"subproject_name": "Chatler Fakurhat", "district_name": "Faridpur", "area": 0}}, {"model": "package_app.subproject", "pk": 2, "fields": {"subproject_name": "Daduria-Kandor Beel", "district_name": "Faridpur", "area": 0}}, {"model": "package_app.subproject", "pk": 3, "fields": {"subproject_name": "Alfadanga-Boalmari", "district_name": "Faridpur", "area": 0}}, {"model": "package_app.subproject", "pk": 4, "fields": {"subproject_name": "Beel Sukunia", "district_name": "Faridpur", "area": 0}}, {"model": "package_app.subproject", "pk": 5, "fields": {"subproject_name": "Horai River", "district_name": "Rajbari", "area": 0}}, {"model": "package_app.subproject", "pk": 6, "fields": {"subproject_name": "Kalidaskhali-Arpara", "district_name": "Magura", "area": 0}}, {"model": "package_app.subproject", "pk": 8, "fields": {"subproject_name": "Bamonkhali-Barnali", "district_name": "Magura", "area": 5000}}, {"model": "package_app.subproject", "pk": 9, "fields": {"subproject_name": "Subproject Excluded", "district_name": "Magura,Faridpur, Jessore", "area": 0}}, {"model": "package_app.subproject", "pk": 11, "fields": {"subproject_name": "Tungipara", "district_name": "gopalganj", "area": 2000}}, {"model": "package_app.subproject", "pk": 12, "fields": {"subproject_name": "Purulia Charbhatpara", "district_name": "Gopalganj", "area": 0}}, {"model": "package_app.works", "pk": 1, "fields": {"work_type": "Khal Re-excavation"}}, {"model": "package_app.works", "pk": 2, "fields": {"work_type": "Embankment Re-sectioning"}}, {"model": "package_app.works", "pk": 3, "fields": {"work_type": "Regulator Construction"}}, {"model": "package_app.works", "pk": 4, "fields": {"work_type": "Regulator Repair"}}, {"model": "package_app.works", "pk": 5, "fields": {"work_type": "Building Construction"}}, {"model": "package_app.works", "pk": 6, "fields": {"work_type": "WMG Building Construction"}}, {"model": "package_app.works", "pk": 7, "fields": {"work_type": "Foot Bridge Construction"}}, {"model": "package_app.works", "pk": 8, "fields": {"work_type": "Bituminous Carpeting Road"}}, {"model": "package_app.works", "pk": 9, "fields": {"work_type": "River Bank Protection Work"}}, {"model": "package_app.contractor", "pk": 52, "fields": {"contractor_name": "M/S Azam Construction", "address": "51/1, Alipur, Faridpur.", "email": "msazamconstruction@gmail.com", "mobile": "01714-365848"}}, {"model": "package_app.contractor", "pk": 53, "fields": {"contractor_name": "M/S Liton Treders", "address": " Madan Mohan Para, Jhenaidah.", "email": "mizanur_79@ymail.com", "mobile": "0451-63789, 01711103878"}}, {"model": "package_app.contractor", "pk": 54, "fields": {"contractor_name": "M/S Amin & Co.", "address": "18 Gagan Babu Road (2nd Lane) Khulna.", "email": "mdruhulamin1968@gmail.com", "mobile": "041-730350, 01711-331360 "}}, {"model": "package_app.contractor", "pk": 55, "fields": {"contractor_name": "M/S Sarbick International", "address": "New Town, Madaripur.", "email": "sarbickinternational621@gmail.com", "mobile": "01717-319752"}}, {"model": "package_app.contractor", "pk": 56, "fields": {"contractor_name": "Rahid Enterprise JV", "address": "101, Bir Uttam C.R Datta Sarak (4th Floor) Dhaka-1205", "email": "rahidandtecjv@gmail.com", "mobile": "01946-893877 "}}, {"model": "package_app.contractor", "pk": 57, "fields": {"contractor_name": "MS NOOR CONSTRUCTION", "address": "LAXMIPASHA , LOHAGORA, NARAIL", "email": "m.s_noorconstraction@yahoo.com", "mobile": "01712-798617"}}, {"model": "package_app.contractor", "pk": 58, "fields": {"contractor_name": "Starlite Services Limited - M/S Udayan Builders (JV)", "address": "Planners Tower(16th Floor), 13/A, Sonargaon Road, Dhaka-1000.", "email": "ssludayanjv01@gmail.com", "mobile": "01711-142741 "}}, {"model": "package_app.contractor", "pk": 59, "fields": {"contractor_name": "M/S. JAKAULLAH & BROTHERS", "address": "Jibon Nagor, Chuadanga", "email": "jaka.chuadanga@gmail.com", "mobile": "01712-868380"}}, {"model": "package_app.contractor", "pk": 60, "fields": {"contractor_name": "M/S. Khandoker Shahin Ahmed", "address": "Road No. l, Goalchamot, Faridpur", "email": "khandakershahin.ahmed@yahoo.com", "mobile": "0631-61472, 01726-070323"}}, {"model": "package_app.contractor", "pk": 61, "fields": {"contractor_name": "Technip Corporation", "address": "101 BIR UTTAM C.R. DATTA ROAD ( 4th Floor) , Dhaka-1205 ", "email": "khaledabdullah72@hotmail.com", "mobile": "02-8610233, 01819-254498 "}}, {"model": "package_app.contractor", "pk": 62, "fields": {"contractor_name": "SA-SI & MD. RUHUL AMIN JV", "address": "Krishnapur, Bahadurpur , Pangsha , Rajbari. ", "email": "sasiandruhulaminjv@gmail.com", "mobile": "01946-893877"}}, {"model": "package_app.contractor", "pk": 63, "fields": {"contractor_name": "TAJWAR TRADE SYSTEM LIMITED", "address": "Akram Tower ( 4th Floor), Room No-504, 199 Shahid Sayed Nazrul Islam Sawroni, Bijoynagar, Paltan , Dhaka -1000", "email": "tajwartrade@gmail.com", "mobile": "880-0283-92391, 01730-927103 "}}, {"model": "package_app.contractor", "pk": 64, "fields": {"contractor_name": "Mohammed Eunus & Brothers (Pvt.) Ltd.", "address": "A.S Tower (8th Floor), Road-01, Plot-553, Hill View R/A P.S: Panchlaish, Chittagong, Bangladesh. ", "email": "mebl.bd@gmail.com", "mobile": "031-2555369, 01882-020900 "}}, {"model": "package_app.contractor", "pk": 65, "fields": {"contractor_name": "Noona Traders", "address": "154 Motijheel C/A, Dhaka-1000.", "email": "noonatraders@yahoo.com", "mobile": "880-2-9590497, 01711-636325 "}}, {"model": "package_app.contractor", "pk": 66, "fields": {"contractor_name": "M/S. Khandaker Shahin Ahmed & M/S Dawn Corporation (JV)", "address": "Akram Tower, Room No: 504,  Bijoynagar, Dhaka.", "email": "ksadcjv2019@yahoo.com", "mobile": "01726070323,0283-92391"}}, {"model": "package_app.contractor", "pk": 67, "fields": {"contractor_name": "Golam Md. Nasir", "address": "Vill.-Goalchamot (Miapara Road), P.O.- Sreeangon, P.S.- Katwoali, Dist.- Faridpur.", "email": "golamnasir71@gmail.com", "mobile": "01715-150232"}}, {"model": "package_app.contractor", "pk": 68, "fields": {"contractor_name": "Md.Shamimur Rahman", "address": "Kalibari Road, UpaZilla:- Sirajganj Sadar, Dist : Sirajganj.", "email": "shamimurrahman1@gmail.com", "mobile": "01711-427366"}}, {"model": "package_app.contractor", "pk": 69, "fields": {"contractor_name": "M/S.Azam Construction - M/S.Rafeea Construction (JV)", "address": " Alipur, Faridpur ", "email": "azamconstructionrcjv@gmail.com", "mobile": "01784-695515"}}, {"model": "package_app.contractor", "pk": 70, "fields": {"contractor_name": " Azam Construction- M/S. Lipu Enterprise (JV)", "address": "Alipur, Faridpur Sadar, Faripdur.", "email": "msazamconstructionlejv@gmail.com", "mobile": "01714-365848"}}, {"model": "package_app.contractor", "pk": 71, "fields": {"contractor_name": "M/S. Kamrul Enterprise", "address": "37, South Toot Para, Cross Road-2, Khulna-9100, Khulna", "email": "mskamrulenterprise@yahoo.com", "mobile": "01711-828075"}}, {"model": "package_app.contractor", "pk": 72, "fields": {"contractor_name": "M/S. Rashed Enterprise ", "address": "73/2, Hazi Afsar uddin Raod, East Rayer Bazar, West Dhanmondi, Dhaka.", "email": "mre8080@gmail.com", "mobile": "01552-474310"}}, {"model": "package_app.contractor", "pk": 73, "fields": {"contractor_name": "M/S. MYSHA TRADERS", "address": "377/1, South Goran, Sabujbag, Dhaka-1219", "email": "myshatraders@yahoo.com", "mobile": "01711-005805"}}, {"model": "package_app.contractor", "pk": 74, "fields": {"contractor_name": "Blue Star Enterprise", "address": "Post Office Road, Bheramara, Kushtia", "email": "n/a", "mobile": "n/a"}}, {"model": "package_app.contractor", "pk": 75, "fields": {"contractor_name": "M/S. Moushumi Enterprise", "address": "Nishindara, Moddho Para, Bogra.", "email": "mousenter2018@gmail.com", "mobile": "01712-260250"}}, {"model": "package_app.contractor", "pk": 76, "fields": {"contractor_name": "M/s. Md. Woahiduzzaman", "address": "College Road, Ratangonj, Narail.", "email": "mswoahiduzzaman@gmail.com", "mobile": "0481-63006, 01711-207941"}}, {"model": "package_app.contractor", "pk": 77, "fields": {"contractor_name": "M/S. Shikder Enterprise", "address": "Posu Hospitalpara, Magura.", "email": "almahmud.magura@gmail.com", "mobile": "01712-081175, 01912-901531"}}, {"model": "package_app.contractor", "pk": 78, "fields": {"contractor_name": "Sea-Shine International", "address": "285/1 East Rampura, Dhaka -1219.", "email": "kallolmahamud@gmail.com", "mobile": "0171-5116769"}}, {"model": "package_app.contractor", "pk": 79, "fields": {"contractor_name": "M/S Rupali Construction & SB(JV)", "address": "Hospital Road, Barishal Sadar, Barishal-8200", "email": "rupalishafiquejv2019@gmail.com", "mobile": "01715-161492"}}, {"model": "package_app.contractor", "pk": 80, "fields": {"contractor_name": "n/a", "address": "n/a", "email": "na@gmail.com", "mobile": "na"}}, {"model": "package_app.packages", "pk": 4, "fields": {"package_no": "SD-AB-ER-I-W04-02", "package_name": "Re-sectioning of 0.792km embankment from km. 23.700 to km. 24.492 & Construction of 1.450km retired embankment from km. 24.492/0.000 to km. 26.900/1.450 in c/w Alfadanga-Boalmari Sub-Project under SAIWRPMP-AF during the year 2017-2018 & 2018-2019.", "pe": 1, "sub_project": 3, "works": 2, "contractor_name": 52, "estimate_value": "35930453.75", "contract_value": "37726976.44", "variation_value": "0.00"}}, {"model": "package_app.packages", "pk": 5, "fields": {"package_no": "SD-AB-KEX-I-W06-23", "package_name": "Re-excavation of 6.010 km Hidadanga Khal, 2.600 km Burir Khal total 8.610 km in c/w Alfadanga-Boalmari Sub-Project under SAIWRPMP-AF during the year 2018-19.", "pe": 1, "sub_project": 3, "works": 1, "contractor_name": 52, "estimate_value": "10218312.28", "contract_value": "10716965.92", "variation_value": "0.00"}}, {"model": "package_app.packages", "pk": 6, "fields": {"package_no": "SD-AB-REG-I-W01-01", "package_name": "Construction of Tita Regulator (2v-1.50m\u00d71.80m) at Km. 26.900 in Alfadanga-Boalmari Sub-Project, Upzila- Alfadanga, Dist.-Faridpur under Specialized Division, BWDB, Faridpur During The Year 2018-19.", "pe": 1, "sub_project": 3, "works": 3, "contractor_name": 52, "estimate_value": "35997534.04", "contract_value": "35994668.14", "variation_value": "0.00"}}, {"model": "package_app.packages", "pk": 7, "fields": {"package_no": "SD-AB-KEX-I-W06-26", "package_name": "Re-excavation of 5.900 km Baniar Khal from km 0.000 to  km. 5.900 in  c/w Alfadanga-Boalmari Sub-Project under SAIWRPMP-AF during the year 2018-19.", "pe": 1, "sub_project": 3, "works": 1, "contractor_name": 52, "estimate_value": "16667962.64", "contract_value": "15001166.38", "variation_value": "0.00"}}, {"model": "package_app.packages", "pk": 8, "fields": {"package_no": "SD-AB-REG-I-W01-02", "package_name": "Repair of Hidadanga 6- vent, Mohisherghop 4-vent Arpara 3-vent, Utholi 3-vent and Helencha 1-vent Regulator total 5 nos Regulator in c/w Alfadanga-Boalmari Sub-Project Upazila- Alfadanga Dist.-Faridpur under Specialized Division BWDB Faridpur during the year 2018-19.", "pe": 1, "sub_project": 3, "works": 4, "contractor_name": 66, "estimate_value": "18800572.80", "contract_value": "18278000.00", "variation_value": "0.00"}}, {"model": "package_app.packages", "pk": 9, "fields": {"package_no": "SD-AB-WTC-I-W08-09", "package_name": "Construction of 03 nos WMG Training Centre for each WMA in c/w Alfadanga-Boalmari Sub-Project under SAIWRPMP-AF during the year 2019-2020.", "pe": 1, "sub_project": 3, "works": 6, "contractor_name": 52, "estimate_value": "11762963.80", "contract_value": "0.00", "variation_value": "0.00"}}, {"model": "package_app.packages", "pk": 29, "fields": {"package_no": "I-W-08-A", "package_name": "Project Management Office (PMO) Building at Faridpur", "pe": 9, "sub_project": 9, "works": 5, "contractor_name": 52, "estimate_value": "36032475.83", "contract_value": "39496620.65", "variation_value": "16757618.47"}}, {"model": "package_app.packages", "pk": 30, "fields": {"package_no": "SD-CF-KEX-I-W06-01", "package_name": "Re-excavation of 7.000km Fukurhat Khal from km 0.000 to km 7.000 in c/w Chatler-Fakurhat Sub-Project under SAIWRPMP-AF during the year 2017-2018.", "pe": 1, "sub_project": 1, "works": 1, "contractor_name": 53, "estimate_value": "38808181.22", "contract_value": "34047249.78", "variation_value": "100000.00"}}, {"model": "package_app.packages", "pk": 31, "fields": {"package_no": "MAG-KA-ER-I-W04 -01", "package_name": "Re-sectioning of Flood Control Embankment from Ch. Km. 0.000 to km.12.600=12.600 Km. in KalidasKhali-Arpara sub Project under SWAIWRPMP-AF during the year 2017-2018 & 2018-2019.", "pe": 3, "sub_project": 6, "works": 2, "contractor_name": 53, "estimate_value": "35112328.00", "contract_value": "29836591.33", "variation_value": "0.00"}}, {"model": "package_app.packages", "pk": 32, "fields": {"package_no": "SD-CF-KEX-I-W06-02", "package_name": "Re-excavation of 7.500km Fukurhat Khal from km 7.000 to km 14.500 in c/w Chatler-Fakurhat Sub-Project under SAIWRPMP-AF during the year 2017-2018.", "pe": 1, "sub_project": 1, "works": 1, "contractor_name": 54, "estimate_value": "30212435.63", "contract_value": "26208026.11", "variation_value": "0.00"}}, {"model": "package_app.packages", "pk": 33, "fields": {"package_no": "SD-CF-KEX-I-W06-03", "package_name": "Re-excavation of 4.375 km Hashemdia Khal (from km. 0.000 to km. 4.375) in c/w Chatler-Fakurhat Sub-Project under SAIWRPMP-AF during the year 2017-18.", "pe": 1, "sub_project": 1, "works": 1, "contractor_name": 55, "estimate_value": "13144949.66", "contract_value": "11487025.62", "variation_value": "0.00"}}, {"model": "package_app.packages", "pk": 34, "fields": {"package_no": "SD-CF-KEX-I-W06-04", "package_name": "Re-excavation of 5.530 km Khal (Hamiddi Khal 1.620 km, Rajkanda Khal 2.150 km , Charakhali Khal 1.040 km, Ajgor Munsir Khal 0.720 km) in c/w Chatler-Fakurhat Sub-Project under SAIWRPMP-AF during the year 2017-18.", "pe": 1, "sub_project": 1, "works": 1, "contractor_name": 56, "estimate_value": "19041063.98", "contract_value": "14756518.23", "variation_value": "0.00"}}, {"model": "package_app.packages", "pk": 35, "fields": {"package_no": "MAG-KA-KEX-I-W06-05", "package_name": "Re-excavation of 2.750 km of Khathalbaria Khal from km 0.000 to km 2.750 & Re-excavation of 1.140 km of Khathalbaria Branch Khal from km 0.000 to km. 1.140 in C/W KalidasKhali-Arpara Sub-Project under SWAIWRPMP-AF during the year 2017-2018 & 2018-2019.", "pe": 3, "sub_project": 6, "works": 1, "contractor_name": 54, "estimate_value": "6622666.00", "contract_value": "4580684.51", "variation_value": "0.00"}}, {"model": "package_app.packages", "pk": 36, "fields": {"package_no": "MAG-KA-KEX-I-W06-06", "package_name": "Re-excavation of 4.350 km of Kuchiamora Khal from km 0.000 to km. 4.350 in C/W KalidasKhali-Arpara Sub-Project under SWAIWRPMP-AF during the year 2017-2018 & 2018-2019.", "pe": 3, "sub_project": 6, "works": 1, "contractor_name": 54, "estimate_value": "10821298.98", "contract_value": "8255955.38", "variation_value": "0.00"}}, {"model": "package_app.packages", "pk": 37, "fields": {"package_no": "FAR-BS-KEX-I-W06-07", "package_name": "Re-excavation of Beel Nalia Khal-1(Nikhordin to Kaijuri) from km 0.000 to 2.080=2.080 km & Beel Nalia Khal-2 (Mridhadangi) from km 0.000 to 6.500 km Total = (2.080+6.500) = 8.580 km in C/W Beel Shukunia Sub Project", "pe": 2, "sub_project": 4, "works": 1, "contractor_name": 57, "estimate_value": "13250065.07", "contract_value": "14561821.00", "variation_value": "0.00"}}, {"model": "package_app.packages", "pk": 38, "fields": {"package_no": "SD-CF-KEX-I-W06-08", "package_name": "Re-excavation of 8.430km Dosh Hajar Khal from km 0.000 to km 8.430 in c/w Chatler-Fakurhat Sub-Project under SAIWRPMP-AF during the year 2017-2018.", "pe": 1, "sub_project": 1, "works": 1, "contractor_name": 55, "estimate_value": "17560020.99", "contract_value": "15102829.76", "variation_value": "0.00"}}, {"model": "package_app.packages", "pk": 39, "fields": {"package_no": "GOP-PC-RP-I-W03-01", "package_name": "River Bank Protection work at Daxmin Char Bhatpara to Village Joybangla along the Left Bank of Madhumati River from km. 0.878 to km 1.228 total 350 m under Southwest Area Integrated Water Resources Planning & Management Project-2nd Phase at Upazila-Kashiani District-Gopalganj under Gopalganj O & M Division BWDB Gopalganj during the year 2017-2018. ", "pe": 5, "sub_project": 12, "works": 9, "contractor_name": 58, "estimate_value": "68996124.30", "contract_value": "65546312.24", "variation_value": "0.00"}}, {"model": "package_app.packages", "pk": 40, "fields": {"package_no": "GOP-PC-RP-I-W03-02", "package_name": "River Bank Protection work at Daxmin Char Bhatpara to Village Joybangla along the Left Bank of Madhumati River from km. 1.228 to km 1.578 total 350 m under Southwest Area Integrated Water Resources Planning & Management Project-2nd Phase at Upazila-Kashiani District-Gopalganj under Gopalganj O & M Division BWDB Gopalganj during the year 2017-2018. ", "pe": 5, "sub_project": 12, "works": 9, "contractor_name": 54, "estimate_value": "67172630.19", "contract_value": "61987775.72", "variation_value": "0.00"}}, {"model": "package_app.packages", "pk": 41, "fields": {"package_no": "GOP-PC-RP-I-W03-03", "package_name": "River Bank Protection work at Daxmin Char Bhatpara to Village Joybangla along the Left Bank of Madhumati River from km. 1.578 to km 1.878 total 300 m under Southwest Area Integrated Water Resources Planning & Management Project-2nd Phase at Upazila-Kashiani District-Gopalganj under Gopalganj O & M Division BWDB Gopalganj during the year 2017-2018. ", "pe": 5, "sub_project": 12, "works": 9, "contractor_name": 54, "estimate_value": "60207751.23", "contract_value": "55554722.10", "variation_value": "758720.07"}}, {"model": "package_app.packages", "pk": 42, "fields": {"package_no": "MAG-KA-KEX-I-W06-09", "package_name": "Re-excavation of Kuatpur Khal from Km 0.000 to km. 3.900 = 3.900 km in C/W Kalidaskhali-Arpara Sub-Project under Southwest Area Integrated Water Resources Planning & Management Project (SAIWRPMP) Phase-2 under Magura O&M Division BWDB during the year 2017-18", "pe": 3, "sub_project": 6, "works": 1, "contractor_name": 54, "estimate_value": "9897952.00", "contract_value": "7620295.92", "variation_value": "0.00"}}, {"model": "package_app.packages", "pk": 43, "fields": {"package_no": "MAG-KA-KEX-I-W06-10", "package_name": "Re-excavation of Kanuda Khal from Km 0.000 to km. 12.600 = 12.600 km in C/W Kalidaskhali-Arpara Sub-Project under Southwest Area Integrated Water Resources Planning & Management Project (SAIWRPMP) Phase-2 under Magura O&M Division BWDB during the year 2017-18", "pe": 3, "sub_project": 6, "works": 1, "contractor_name": 59, "estimate_value": "31155772.00", "contract_value": "24230015.40", "variation_value": "0.00"}}, {"model": "package_app.packages", "pk": 44, "fields": {"package_no": "SD-CF-KEX1-I-W06-11", "package_name": "Re-excavation of 16.900 km Baliahati Khal from km. 0.000 to km. 16.900 in c/w Chatler-Fakurhat Sub-Project under SAIWRPMP-AF during the year 2017-18.", "pe": 1, "sub_project": 1, "works": 1, "contractor_name": 60, "estimate_value": "63441304.71", "contract_value": "66613369.92", "variation_value": "0.00"}}, {"model": "package_app.packages", "pk": 45, "fields": {"package_no": "RAJ-HR-KEX-I-W06-12", "package_name": "Re-excavation of Mora Kumar River km. 0.000 to km. 4.315 = 4.15 km (Rajbari Portion) under Horai River Sub-Project  in c/w Southwest Area Integrated Water Resources Planning & Management Project - Additional Financing in Upazila - Rajbari Sadar, Dist: Rajbari of Rajbari O&M Division, BWDB, Rajbari during the year 2018-19", "pe": 4, "sub_project": 5, "works": 1, "contractor_name": 59, "estimate_value": "30998940.61", "contract_value": "25303719.00", "variation_value": "0.00"}}, {"model": "package_app.packages", "pk": 46, "fields": {"package_no": "RAJ-HR-KEX-I-W06-13", "package_name": "Re-excavation of Mora Kumar River km. 4.315 to km. 8.680 = 4.365 km (Rajbari Portion) under Horai River Sub-Project  in c/w Southwest Area Integrated Water Resources Planning & Management Project - Additional Financing in Upazila - Rajbari Sadar, Dist: Rajbari of Rajbari O&M Division, BWDB, Rajbari during the year 2018-19", "pe": 4, "sub_project": 5, "works": 1, "contractor_name": 59, "estimate_value": "31990460.64", "contract_value": "25871077.30", "variation_value": "0.00"}}, {"model": "package_app.packages", "pk": 47, "fields": {"package_no": "RAJ-HR-KEX-I-W06-14", "package_name": "Re-excavation of Mora Kumar River km. 8.680  to km. 13.185 = 4.505 km (Rajbari Portion) under Horai River Sub-Project  in c/w Southwest Area Integrated Water Resources Planning & Management Project - Additional Financing in Upazila - Rajbari Sadar, Dist: Rajbari of Rajbari O&M Division, BWDB, Rajbari during the year 2018-19", "pe": 4, "sub_project": 5, "works": 1, "contractor_name": 54, "estimate_value": "35753580.71", "contract_value": "30445499.75", "variation_value": "0.00"}}, {"model": "package_app.packages", "pk": 48, "fields": {"package_no": "RAJ-HR-KEX-I-W06-15", "package_name": "Re-excavation of Horai River Intake from km 0.000 to km 2.010 = 2.010 km. (Padma River to Belgachi Regulator)  of   Horai River Sub-project in c/w Southwest Area Integrated Water Resources Planning and Management Project-Additional Financial in Upazilla- Rajbari Sadar Dist. Rajbari under Rajbari O&M  Division,  BWDB, Rajbari during the year 2018-2019. ", "pe": 4, "sub_project": 5, "works": 1, "contractor_name": 61, "estimate_value": "6305408.29", "contract_value": "4828969.99", "variation_value": "0.00"}}, {"model": "package_app.packages", "pk": 49, "fields": {"package_no": "RAJ-HR-KEX-I-W06-16", "package_name": " Re-excavation of Horai River from km 0.000 to km 5.000 = 5.000 km (Belgachi Regulator towords Rajapur Regulator) of  Horai River Sub-project in c/w Southwest Area Integrated Water Resources Planning and Management Project-Additional Financial in Upazilla- Rajbari Sadar Dist. Rajbari under Rajbari O&M  Division,  BWDB, Rajbari during the year 2018-2019.", "pe": 4, "sub_project": 5, "works": 1, "contractor_name": 62, "estimate_value": "30624431.48", "contract_value": "23015483.22", "variation_value": "0.00"}}, {"model": "package_app.packages", "pk": 50, "fields": {"package_no": "RAJ-HR-KEX-I-W06-17", "package_name": "Re-excavation of Horai River from km 5.000 to km 10.000 = 5.000 km (Belgachi Regulator towords Rajapur Regulator) of Horai River Sub-project in c/w Southwest Area Integrated Water Resources Planning and Management Project-Additional Financial in Upazilla- Rajbari Sadar Dist. Rajbari under Rajbari O&M  Division,  BWDB, Rajbari during the year 2018-2019.", "pe": 4, "sub_project": 5, "works": 1, "contractor_name": 62, "estimate_value": "26804941.67", "contract_value": "20898373.70", "variation_value": "0.00"}}, {"model": "package_app.packages", "pk": 51, "fields": {"package_no": "RAJ-HR-KEX-I-W06-18", "package_name": "Re-excavation of Horai River from km 10.000 to km 20.000 = 10.000 km (Belgachi Regulator towords Rajapur Regulator) of Horai River Sub-project in c/w Southwest Area Integrated Water Resources Planning and Management Project-Additional Financial in Upazilla- Rajbari Sadar Dist. Rajbari under Rajbari O&M  Division,  BWDB, Rajbari during the year 2018-2019.", "pe": 4, "sub_project": 5, "works": 1, "contractor_name": 63, "estimate_value": "22823994.14", "contract_value": "18978151.13", "variation_value": "0.00"}}, {"model": "package_app.packages", "pk": 52, "fields": {"package_no": "RAJ-HR-KEX-I-W06-19", "package_name": "Horai River from km 20.000 to km 25.000 = 5.000 km (Belgachi Regulator towords Rajapur Regulator) of Horai River Sub-project in c/w Southwest Area Integrated Water Resources Planning and Management Project-Additional Financial in Upazilla- Rajbari Sadar Dist. Rajbari under Rajbari O&M  Division,  BWDB, Rajbari during the year 2018-2019.", "pe": 4, "sub_project": 5, "works": 1, "contractor_name": 64, "estimate_value": "19801761.40", "contract_value": "15938308.40", "variation_value": "0.00"}}, {"model": "package_app.packages", "pk": 53, "fields": {"package_no": "RAJ-HR-KEX-I-W06-20", "package_name": " Re-excavation of Horai River from km 25.000 to km 32.830 = 7.830 km (Belgachi Regulator towords Rajapur Regulator) of Horai River Sub-project in c/w Southwest Area Integrated Water Resources Planning and Management Project-Additional Financial in Upazilla- Rajbari Sadar Dist. Rajbari under Rajbari O&M  Division,  BWDB, Rajbari during the year 2018-2019.", "pe": 4, "sub_project": 5, "works": 1, "contractor_name": 65, "estimate_value": "34988365.51", "contract_value": "28665967.86", "variation_value": "0.00"}}, {"model": "package_app.packages", "pk": 54, "fields": {"package_no": "SD-CF-KEX-I-W06-21", "package_name": "Re-excavation of 1.770 km Sathroshi Khal, 1.290 km Baniabari Khal, 2.787 km Khatra Khal total 5.847 km in c/w Chatler-Fakurhat Sub-Project under SAIWRPMP-AF during the year 2018-19.", "pe": 1, "sub_project": 1, "works": 1, "contractor_name": 60, "estimate_value": "21342060.20", "contract_value": "22387821.15", "variation_value": "0.00"}}, {"model": "package_app.packages", "pk": 55, "fields": {"package_no": "SD-CF-KEX-I-W06-22", "package_name": "Re-excavation of 4.641 km Jalukhali Khal, 0.720 km Langolkanda Khal total 5.361 km in c/w Chatler-Fakurhat Sub-Project under SAIWRPMP-AF during the year 2018-19.", "pe": 1, "sub_project": 1, "works": 1, "contractor_name": 60, "estimate_value": "10138669.17", "contract_value": "10630394.63", "variation_value": "0.00"}}, {"model": "package_app.packages", "pk": 56, "fields": {"package_no": "FAR-BS-KEX-I-W06-24", "package_name": "Re-excavation of Kuchiamara Khal-1 from km 0.000 to km 5.900 = 5900 m and Kuchiamara Khal-2 from km 0.000 to km 1.050 = 1050 m , Total = 6.950 km in c/w Beel Shukunia Sub Project under SAIWRPMP-2 under Faridpur O&M Division, BWDB, Faridpur, during the FY 2018-19.", "pe": 2, "sub_project": 4, "works": 1, "contractor_name": 67, "estimate_value": "12150441.99", "contract_value": "13122476.82", "variation_value": "0.00"}}, {"model": "package_app.packages", "pk": 57, "fields": {"package_no": "RAJ-HR-KEX-I-W06-25", "package_name": "Re-excavation of Rupsha Khal from km 0.000 to km 6.600 = 6.600 km of  Horai River Sub-project in c/w Southwest Area Integrated Water Resources Planning and Management Project-Additional Financial in Upazilla- Kalukhali & Balikandi. Dist. Rajbari under Rajbari O&M  Division,  BWDB, Rajbari during the year 2018-2019.", "pe": 4, "sub_project": 5, "works": 1, "contractor_name": 59, "estimate_value": "20488437.70", "contract_value": "14606179.36", "variation_value": "0.00"}}, {"model": "package_app.packages", "pk": 58, "fields": {"package_no": "MAG-KA-KEX-I-W06-27", "package_name": "Re-excavation of Digholgram Khal from km 0.000 to km. 6.150 = 6.150 km, Digholgram Branch-1 Khal from km 0.000 to km. 0.900 = 0.900 km, Digholgram Branch-2 Khal from km 0.000 to km. 0.550 = 0.550 km & Digholgram Branch-3 Khal from km 0.000 to km. 1.300 = 1.300 km total = 8.900 Km in C/W KalidasKhali-Arpar Sub Project under South-West Area Integrated Water Resources Planning and Management Project (SWAIWRPMP) Phase-2 under Under Magura O&M Division BWDB during the Year-2018-19 & 2019-20.", "pe": 3, "sub_project": 6, "works": 1, "contractor_name": 59, "estimate_value": "9832515.42", "contract_value": "9704797.78", "variation_value": "0.00"}}, {"model": "package_app.packages", "pk": 59, "fields": {"package_no": "JASHORE-IB-I-W08-02", "package_name": "Construction of 2 (Two) storied Rest House Building at Jashore BWDB compound in c/w Southwest Area Integrated Water Resources Planning & Management Project-Additional Financing SAIWRPMP-AF under Jashore O&M Division, Jashore.", "pe": 6, "sub_project": 9, "works": 5, "contractor_name": 80, "estimate_value": "30750243.00", "contract_value": "0.00", "variation_value": "0.00"}}, {"model": "package_app.packages", "pk": 60, "fields": {"package_no": "MAG-KA-KEX-I-W06-28", "package_name": "Re-excavation of (1)Kalidaskhali Khal from km 0.000 to km. 5.100 = 5.100 km, (2) Kalidaskhali Branch-1 Khal from km 0.000 to km. 1.250 = 1.250 km & (3) Kalidaskhali Branch-2 Khal from km 0.000 to km. 1.790 =  1.790 km (Total = 8.140 Km) in C/W KalidasKhali-Arpar Sub Project under South-West Area Integrated Water Resources Planning and Management Project (SWAIWRPMP) Phase-2 Under Magura O&M Division BWDB during the Year-2018-19.", "pe": 3, "sub_project": 6, "works": 1, "contractor_name": 59, "estimate_value": "25356553.72", "contract_value": "17665792.17", "variation_value": "0.00"}}, {"model": "package_app.packages", "pk": 61, "fields": {"package_no": "SD-DK-REG-I-W01-03", "package_name": "Repair of Toiljuri 2-vent, Hashemdia 1-vent and Kaliando 1- vent Regulator total 3 nos Regulator in c/w Daduria & Kandor Beel Sub-Project Upazila- Boalmari Dist.-Faridpur under Specialized Division BWDB Faridpur during the year 2018-19", "pe": 1, "sub_project": 2, "works": 4, "contractor_name": 69, "estimate_value": "9771831.05", "contract_value": "9734180.02", "variation_value": "0.00"}}, {"model": "package_app.packages", "pk": 62, "fields": {"package_no": "FAR-BS-REG-I-W01-04", "package_name": "Construction of Joyjhap Regulator ( 5V-1.50M x 1.80M) at KM  0.495 of Kuchiamara Khal-01 in C/W Beel Sukunia Sub-Project under Southwest Area Integrated Water Resources Planning & Management Project 2nd Phase under Faridpur O & M Division during 2018-19 & 2019-20. ", "pe": 2, "sub_project": 4, "works": 3, "contractor_name": 74, "estimate_value": "51122743.42", "contract_value": "56183643.85", "variation_value": "0.00"}}, {"model": "package_app.packages", "pk": 63, "fields": {"package_no": "MAG-KA-REG-I-W01-05", "package_name": "Construction of Boyra Regulator (2v- 1.80m x 3.00m) in C/W KalidasKhali-Arpar Sub Project under South-West Area Integrated Water Resources Planning and Management Project (SWAIWRPMP) Phase-2 Under Magura O&M Division BWDB during the Year-2018-19.", "pe": 3, "sub_project": 6, "works": 3, "contractor_name": 71, "estimate_value": "36068427.51", "contract_value": "28470156.50", "variation_value": "0.00"}}, {"model": "package_app.packages", "pk": 64, "fields": {"package_no": "SD-CWD-REG-I-W01-06", "package_name": "Fabrication, Supplying & Installation of 26 No. M.S Lift Gate (size: 1.65m x 1.95m = 14 No, 1.35m x 1.35m = 6 No, 1.65m x 2.54m = 6 No) M.S. Falp gate (size: 1.65m x 1.95m = 10 No & 21 No hand wheel, 6 padestal type hoisting device in connection with repair of Regulator of Alfadanga-Boalmari Sub-Project & Daduria-Kandor Beel Sub-Project at Faridpur Specialized Division, BWDB, Faridpur: South-West Area Integrated Water Resources Planning & Mangement Project (Phase-2) under Central Workshop Division, BWDB, Tejgaon, Dhaka. ", "pe": 8, "sub_project": 3, "works": 4, "contractor_name": 72, "estimate_value": "8122898.88", "contract_value": "8120537.97", "variation_value": "0.00"}}, {"model": "package_app.packages", "pk": 65, "fields": {"package_no": "FAR-CWD-REG-I-W01-07", "package_name": "Fabrication, Supplying & Installation of 5 No. M.S Lift Gate (size: 1.65m x 1.95m, 5 No hand wheel type hoisting device in connection with repair of Regulator of Beel Sukunia Sub-Project at Faridpur O&M Division, BWDB, Faridpur: South-West Area Integrated Water Resources planning & Mangement Project (Phase-2) under Central Workshop Division, BWDB, Tejgaon, Dhaka. ", "pe": 8, "sub_project": 4, "works": 4, "contractor_name": 72, "estimate_value": "1201316.71", "contract_value": "1200781.99", "variation_value": "0.00"}}, {"model": "package_app.packages", "pk": 66, "fields": {"package_no": "FAR-CWD1-REG-I-W01-08", "package_name": "Fabrication, Supplying & Installation of 5 No. M.S Lift Gate (size: 1.65m x 1.875m), 5no. padestal type hoisting device in connection with construction of Joyjhap Regulator  (5-V) under Beel Sukunia Sub-Project of Faridpur O&M Division, BWDB, Faridpur: South-West Area Integrated Water Resources Planning & Mangement Project (Phase-2) under Central Workshop Division, BWDB, Tejgaon, Dhaka. ", "pe": 8, "sub_project": 4, "works": 3, "contractor_name": 73, "estimate_value": "1482934.00", "contract_value": "1467433.10", "variation_value": "0.00"}}, {"model": "package_app.packages", "pk": 67, "fields": {"package_no": "RAJ-CWD-REG-I-W01-09", "package_name": "Fabrication, Supplying & Installation of 18 No. M.S Lift Gate (size: 1.65m x 1.95m = 4 No, 1.35m x 1.35m = 2 No, 1.65m x 2.54m = 12 No) M.S. Falp gate (size: 1.35m x 1.35m = 1 No & 4 No hand wheel, 6 padestal type hoisting device in connection with Repair of Regulator of Horai River Sub-Project at Rajbari O&M Division, BWDB, Rajbari: South-West Area Integrated Water Resources planning & Mangement Project (Phase-2) under Central Workshop Division, BWDB, Tejgaon, Dhaka. ", "pe": 8, "sub_project": 5, "works": 4, "contractor_name": 74, "estimate_value": "4606725.21", "contract_value": "4605324.96", "variation_value": "0.00"}}, {"model": "package_app.packages", "pk": 68, "fields": {"package_no": "MAG-KA-REG-I-W01-10", "package_name": "Repair of (1) Chukinagor Regulator (3-Vent 1.50 m x 1.80 m) Over Kanuda Khal (2) Kuchiamora Regulator (3-Vent 1.50 m x 1.80 m) Over Kuchiamora Khal & (3) Kaitoly Check Structure (8-Vent 1.50 m x 1.80 m) Over Khalidaskhali Khal in C/W Kalidaskhali-Arpara Sub-Project, under South-West Area Water Resources Planning and Management Project (SWAIWRPMP) Phase-2 Under Magura O&M Division BWDB during the Year-2018-19 & 2019-20.", "pe": 3, "sub_project": 6, "works": 4, "contractor_name": 79, "estimate_value": "12270867.00", "contract_value": "12068397.69", "variation_value": "0.00"}}, {"model": "package_app.packages", "pk": 69, "fields": {"package_no": "MAG-KA-REG-I-W01-11", "package_name": "Repair of (1) Digolgram Regulator (2-Vent 1.50 m x 1.80 m) Over Digolgram Khal, (2) Kuatpur Regulator (1-Vent 1.50 m x 1.80 m) Over Kuatpur Khal & (3) Kathalbaria Regulator (2-Vent 1.50 m x 1.80 m) Over Kathalbaria Khal in C/W Kalidaskhali-Arpara Sub-Project, under South-West Area Water Resources Planning and Management Project (SWAIWRPMP) Phase-2 Under Magura O&M Division BWDB during the Year-2018-19 & 2019-20.  ", "pe": 3, "sub_project": 6, "works": 4, "contractor_name": 79, "estimate_value": "11174986.00", "contract_value": "10990598.73", "variation_value": "0.00"}}, {"model": "package_app.packages", "pk": 70, "fields": {"package_no": "MAG-CWD-REG-I-W01-12", "package_name": "Supplying & fitting-fixing of 2 (Two) Nos. M.S Lift Gate (Size: 1.910 m x 3.075 m) & 2 (Two) Nos. Padestal type hoisting device for Boyra Regulator at Magura O&M Division, BWDB, Magura : South-West Area Integrated Water Resources Planning & Management Project (Phase-2) under Central Workshop Division, BWDB, Tejgaon, Dhaka.", "pe": 8, "sub_project": 6, "works": 3, "contractor_name": 75, "estimate_value": "955167.00", "contract_value": "943848.28", "variation_value": "0.00"}}, {"model": "package_app.packages", "pk": 71, "fields": {"package_no": "MAG-CWD-REG-I-W01-13", "package_name": "Supplying & fitting-fixing of 13 (Thirteen) Nos. M.S Flap Gate (Size: 1.65 m x 1.95 m) & 13 (Thirteen) Nos. chain pulley type hoist assy (Kuchiamore-3, Sukinagar- 3, Kathalbari- 2, Kalidaskhali- 3, Digalgram- 2) & 15 (Fifteen) Nos. M.S Lift Gate (size: 1.65 m x 1.95 m) (Kuchiamore-3, Kuatpur- 2, Chuki Nagar- 3, Kathalbaria- 2, Kalidaskhali- 3, Digalgram- 2), 15 (Fifteen) Nos. padestal type hoisting device at Magura O&M Division, BWDB, Magura : South-West Area Integrated Water Resources Planning & Management Project (Phase-2) under Central Workshop Division, BWDB, Tejgaon, Dhaka. ", "pe": 8, "sub_project": 6, "works": 4, "contractor_name": 72, "estimate_value": "8190925.00", "contract_value": "8107942.05", "variation_value": "0.00"}}, {"model": "package_app.packages", "pk": 72, "fields": {"package_no": "MAG-CWD-REG-I-W01-14", "package_name": "Supplying & fitting-fixing of 8 Eight Nos. M.S Lift Gate Size 1.670 m x 1.905 m & 8 Eight Nos. Pedestal type hoisting device assy. for Katuli Regulator at Magura O&M Division BWDB Magura South-West Area Integrated Water Resources planning & Mangement Project Phase-2 under Central Workshop Division BWDB Tejgaon Dhaka. ", "pe": 8, "sub_project": 6, "works": 4, "contractor_name": 78, "estimate_value": "2153282.00", "contract_value": "2131180.71", "variation_value": "0.00"}}, {"model": "package_app.packages", "pk": 73, "fields": {"package_no": "RAJ-HR-WTC-I-W08-03", "package_name": "Construction of 4Four nos WMG Training Centre building at WMA-1 WMA-2 WMA-3 & WMA-4 under Horai River Sub-project in Connection with Southwest Area Integrated Water Resources Planning and Management Project Additional Financial in Upazilla- Rajbari Sader & Baliakandi Dist- Rajbari. Under Rajbari O&M Division BWDB Rajbari. During the year 2018-19.\n", "pe": 4, "sub_project": 5, "works": 6, "contractor_name": 80, "estimate_value": "15253280.90", "contract_value": "0.00", "variation_value": "0.00"}}, {"model": "package_app.packages", "pk": 74, "fields": {"package_no": "MAG-KA-WTC-I-W08-04", "package_name": "Construction of 02 Nos WMG Training Center Building of SIP-1 & SIP-2 in C/W Kalidaskhali-Arpara Sub-Project under South-West Area Water Resources Planning and Management Project (SWAIWRPMP) Phase-2 Under Magura O&M Division BWDB during the Year-2018-19 & 2019-20.", "pe": 3, "sub_project": 6, "works": 6, "contractor_name": 76, "estimate_value": "7767449.60", "contract_value": "8505357.31", "variation_value": "0.00"}}, {"model": "package_app.packages", "pk": 75, "fields": {"package_no": "MAG-KA-WTC-I-W08-05", "package_name": "Construction of 02 Nos WMG Training Center Building of SIP-3 & SIP-4 in C/W Kalidaskhali-Arpara Sub-Project under South-West Area Water Resources Planning and Management Project SWAIWRPMP Phase-2 Under Magura O&M Division BWDB during the Year-2018-19 & 2019-20.", "pe": 3, "sub_project": 6, "works": 6, "contractor_name": 77, "estimate_value": "7767449.60", "contract_value": "8505357.14", "variation_value": "0.00"}}, {"model": "package_app.packages", "pk": 76, "fields": {"package_no": "MAG-BB-WTC-I-W08-06", "package_name": "Construction of 02 Nos WMG Training Center Building of SIP-1 & SIP-2 in C/W Bamonkhali-Bornali Sub-Project under South-West Area Water Resources Planning and Management Project SWAIWRPMP Phase-2 Under Magura O&M Division BWDB during the Year-2018-19 & 2019-20.", "pe": 3, "sub_project": 8, "works": 6, "contractor_name": 76, "estimate_value": "7767449.60", "contract_value": "8536427.11", "variation_value": "0.00"}}, {"model": "package_app.packages", "pk": 77, "fields": {"package_no": "SD-CF-WTC1-I-W08-07", "package_name": "Construction of 03 nos WMG Training Centre for each WMA in c/w Chatler-Fakurhat Sub-Project under SAIWRPMP-AF during the year 2019-2020.", "pe": 1, "sub_project": 1, "works": 6, "contractor_name": 80, "estimate_value": "11762963.80", "contract_value": "0.00", "variation_value": "0.00"}}, {"model": "package_app.packages", "pk": 78, "fields": {"package_no": "SD-DK-WTC-I-W08-08", "package_name": "Construction of 03 nos WMG Training Centre for each WMA in c/w Daduria-Kandor Beel Sub-Project under SAIWRPMP-AF during the year 2019-2020.", "pe": 1, "sub_project": 2, "works": 6, "contractor_name": 80, "estimate_value": "11762963.80", "contract_value": "0.00", "variation_value": "0.00"}}, {"model": "package_app.packages", "pk": 79, "fields": {"package_no": "FAR-BS-WTC-I-W08-10", "package_name": "Construction of 02 nos WMG Training Centre for WMA-1 and WMA-2 in c/w Beel Sukunia Sub-Project under SAIWRPMP-AF during the year 2019-2020. ", "pe": 2, "sub_project": 4, "works": 6, "contractor_name": 80, "estimate_value": "8501880.26", "contract_value": "0.00", "variation_value": "0.00"}}, {"model": "package_app.packages", "pk": 80, "fields": {"package_no": "MAG-BB-KEX-I-W06-29", "package_name": "Re-excavation of 8.477 km Bornali Khal from km 0.023 to km. 8.500 in C/W South-West Area Water Resources Planning and Management Project SWAIWRPMP Phase-2 under Bamonkhali-Bornali Sub Project Under Magura O&M Division BWDB during the Year-2019-20.", "pe": 3, "sub_project": 8, "works": 1, "contractor_name": 80, "estimate_value": "20114591.01", "contract_value": "0.00", "variation_value": "0.00"}}, {"model": "package_app.packages", "pk": 81, "fields": {"package_no": "MAG-KA-REG-I-W01-15", "package_name": "Construction of Burikhali Surface Regulator (1 VENT- 0.90mX1.20m)AT KM 1.100 On Kalaidongle Khal in Kalidaskhali - Arpara Sub-Project within SAIWRPMP-AFUpazila: Shalikha, District: Magura ,under Magura O&M Division, BWDB, Magura during the year 2019-20.", "pe": 3, "sub_project": 6, "works": 3, "contractor_name": 80, "estimate_value": "17271647.61", "contract_value": "0.00", "variation_value": "0.00"}}, {"model": "package_app.packages", "pk": 82, "fields": {"package_no": "MAG-KA-REG-I-W01-16", "package_name": "Construction of Dorishaloi Surface Regulator (1 Vent-0.90m x 1.20m) over Flood Control Embankment at Km 0.600 in C/W Kalidaskhali-Arpara Sub-Project, under South-West Area Water Resources Planning and Management Project (SWAIWRPMP) Phase-2 Under Magura O&M Division BWDB during the Year 2019-20.", "pe": 3, "sub_project": 6, "works": 3, "contractor_name": 80, "estimate_value": "15816491.31", "contract_value": "0.00", "variation_value": "0.00"}}, {"model": "package_app.packages", "pk": 83, "fields": {"package_no": "MAG-BB-KEX-I-W06-30", "package_name": "Re-excavation of 7.805 km (1) Shamoria Khal from km 0.000 to km. 4.045 & (2) Guadha Khal from km 0.000 to km. 3.760 in C/W South-West Area Water Resources Planning and Management Project (SWAIWRPMP) Phase-2 under Bamonkhali-Bornali Sub Project Under Magura O&M Division BWDB,Magura during the Year-2019-20.", "pe": 3, "sub_project": 8, "works": 1, "contractor_name": 80, "estimate_value": "19532978.11", "contract_value": "0.00", "variation_value": "0.00"}}, {"model": "package_app.packages", "pk": 84, "fields": {"package_no": "SD-CF-FB-I-W13-01", "package_name": "Construction of Foot Bridge at km. 1.212 on Baniabari khal near Dinabandhu Mandal house in Chatler-Fakurhat Sub-project Upazila- Bhanga Dist.-Faridpur under Specialized Division BWDB Faridpur during the year 2019-20.", "pe": 1, "sub_project": 1, "works": 7, "contractor_name": 80, "estimate_value": "12746579.89", "contract_value": "0.00", "variation_value": "0.00"}}, {"model": "package_app.packages", "pk": 85, "fields": {"package_no": "MAG-KA-BC-I-W14-01", "package_name": "Bitumenous Carpetting Road from km. 0.000 to km 6.300 over Kalidaskhali-Arpara Flood Control Embankment in C/W South-West Area Water Resources Planning and Management Project SWAIWRPMP Phase-2 under Kalidaskhali-Arpara Sub Project Under Magura O&M Division BWDB during the Year-2019-20.", "pe": 3, "sub_project": 6, "works": 8, "contractor_name": 80, "estimate_value": "59016953.09", "contract_value": "0.00", "variation_value": "0.00"}}, {"model": "package_app.packages", "pk": 86, "fields": {"package_no": "MAG-KA-BC-I-W14-02", "package_name": "Bitumenous Carpetting Road from km. 6.300 to km 12.600 over Kalidaskhali-Arpara Flood Control Embankment in C/W South-West Area Water Resources Planning and Management Project SWAIWRPMP Phase-2 under Kalidaskhali-Arpara Sub Project Under Magura O&M Division BWDB during the Year-2019-20.", "pe": 3, "sub_project": 6, "works": 8, "contractor_name": 80, "estimate_value": "59016953.09", "contract_value": "0.00", "variation_value": "0.00"}}, {"model": "package_app.packages", "pk": 87, "fields": {"package_no": "MAG-BB-KEX-I-W06-31", "package_name": "Re-excavation of 3.555 km (1) Shankochkhali Khal from km 0.010 to km. 1.900 & (2) Changai Khal from km 0.000 to km. 1.665, in C/W South-West Area Water Resources Planning and Management Project (SWAIWRPMP) Phase-2 under Bamonkhali-Bornali Sub Project Under Magura O&M Division BWDB,Magura during the Year-2019-20.", "pe": 3, "sub_project": 6, "works": 1, "contractor_name": 80, "estimate_value": "7818419.14", "contract_value": "0.00", "variation_value": "0.00"}}, {"model": "package_app.packages", "pk": 90, "fields": {"package_no": "I-W90-100", "package_name": "Test Packages name not found", "pe": 2, "sub_project": 8, "works": 5, "contractor_name": 52, "estimate_value": "25100000.00", "contract_value": "34130000.00", "variation_value": "500000.00"}}, {"model": "package_app.packages", "pk": 91, "fields": {"package_no": "RAJ-HR-REG-I-W01-17", "package_name": "Repair of Belgachi 3-vent regulator, Rupsha 1-vent regulator and protective work at U/S and D/S of existing Rajapur 8-vent regulator over Horai river and Rupsha khal in Horai River Sub-Project  in c/w South West Area Integrated water Resource Planning & Management Project (AF) at Upazila- Rajbari Sadar and Kalukhali , District-Rajbari Under Rajbari O & M Division, BWDB, Rajbari , during the year -2019-20.", "pe": 4, "sub_project": 5, "works": 4, "contractor_name": 80, "estimate_value": "45119728.88", "contract_value": "0.00", "variation_value": "0.00"}}, {"model": "package_app.packagedates", "pk": 16, "fields": {"package_no": 29, "app_date": null, "ift_date": "2017-03-27", "opening_date": "2017-04-27", "evaluation_submission_date": "2017-06-22", "evaluation_approval_date": "2017-06-22", "adb_concurrence_date": "2017-06-22", "noa_date": "2017-06-29", "contract_sign_date": "2017-06-29", "start_date": "2017-07-05", "end_date": "2019-01-04", "end_date_extension": "2019-04-23", "end_date_actual": null}}, {"model": "package_app.packagedates", "pk": 17, "fields": {"package_no": 30, "app_date": "2018-02-09", "ift_date": "2018-02-18", "opening_date": "2018-03-20", "evaluation_submission_date": "2018-04-15", "evaluation_approval_date": "2018-04-30", "adb_concurrence_date": "2018-04-23", "noa_date": "2018-05-22", "contract_sign_date": "2018-05-22", "start_date": "2018-05-24", "end_date": "2019-04-04", "end_date_extension": null, "end_date_actual": "2019-03-31"}}, {"model": "package_app.packagedates", "pk": 18, "fields": {"package_no": 31, "app_date": "2018-02-18", "ift_date": "2018-03-07", "opening_date": "2018-04-08", "evaluation_submission_date": "2018-05-08", "evaluation_approval_date": "2018-06-12", "adb_concurrence_date": "2018-06-11", "noa_date": "2018-06-25", "contract_sign_date": "2018-06-25", "start_date": "2018-06-27", "end_date": "2019-06-20", "end_date_extension": null, "end_date_actual": null}}, {"model": "package_app.packagedates", "pk": 19, "fields": {"package_no": 32, "app_date": "2018-02-19", "ift_date": "2018-02-25", "opening_date": "2018-03-28", "evaluation_submission_date": "2018-05-19", "evaluation_approval_date": "2018-05-21", "adb_concurrence_date": "2018-07-23", "noa_date": "2018-06-11", "contract_sign_date": "2018-06-11", "start_date": "2018-06-16", "end_date": "2019-06-12", "end_date_extension": null, "end_date_actual": null}}, {"model": "package_app.packagedates", "pk": 20, "fields": {"package_no": 33, "app_date": "2018-02-19", "ift_date": "2018-02-25", "opening_date": "2018-03-28", "evaluation_submission_date": "2018-05-19", "evaluation_approval_date": "2018-05-21", "adb_concurrence_date": "2018-07-24", "noa_date": "2018-06-10", "contract_sign_date": "2018-06-10", "start_date": "2018-06-10", "end_date": "2019-05-05", "end_date_extension": null, "end_date_actual": null}}, {"model": "package_app.packagedates", "pk": 21, "fields": {"package_no": 34, "app_date": "2018-02-19", "ift_date": "2018-02-25", "opening_date": "2018-03-28", "evaluation_submission_date": "2018-05-19", "evaluation_approval_date": "2018-05-21", "adb_concurrence_date": "2018-07-26", "noa_date": "2018-06-07", "contract_sign_date": "2018-06-07", "start_date": "2018-06-08", "end_date": "2019-07-25", "end_date_extension": null, "end_date_actual": null}}, {"model": "package_app.packagedates", "pk": 22, "fields": {"package_no": 35, "app_date": "2018-02-20", "ift_date": "2018-02-28", "opening_date": "2018-04-02", "evaluation_submission_date": "2018-05-28", "evaluation_approval_date": "2018-06-12", "adb_concurrence_date": "2019-02-27", "noa_date": "2018-06-25", "contract_sign_date": "2018-06-25", "start_date": "2018-06-27", "end_date": "2019-06-20", "end_date_extension": null, "end_date_actual": null}}, {"model": "package_app.packagedates", "pk": 23, "fields": {"package_no": 36, "app_date": "2018-02-20", "ift_date": "2018-02-28", "opening_date": "2018-04-02", "evaluation_submission_date": "2018-05-28", "evaluation_approval_date": "2018-06-12", "adb_concurrence_date": "2019-03-12", "noa_date": "2018-06-25", "contract_sign_date": "2018-06-25", "start_date": "2018-06-27", "end_date": "2019-06-20", "end_date_extension": null, "end_date_actual": null}}, {"model": "package_app.packagedates", "pk": 24, "fields": {"package_no": 37, "app_date": "2018-02-20", "ift_date": "2018-02-28", "opening_date": "2018-04-02", "evaluation_submission_date": "2018-05-22", "evaluation_approval_date": "2018-05-23", "adb_concurrence_date": "2019-03-13", "noa_date": "2018-06-10", "contract_sign_date": "2018-06-10", "start_date": "2018-06-12", "end_date": "2019-05-30", "end_date_extension": null, "end_date_actual": null}}, {"model": "package_app.packagedates", "pk": 25, "fields": {"package_no": 38, "app_date": "2018-04-01", "ift_date": "2018-04-04", "opening_date": "2018-05-07", "evaluation_submission_date": "2018-05-31", "evaluation_approval_date": "2018-05-31", "adb_concurrence_date": "2018-07-16", "noa_date": "2018-06-10", "contract_sign_date": "2018-06-10", "start_date": "2018-06-10", "end_date": "2019-05-05", "end_date_extension": null, "end_date_actual": null}}, {"model": "package_app.packagedates", "pk": 26, "fields": {"package_no": 39, "app_date": "2018-02-09", "ift_date": "2018-04-16", "opening_date": "2018-05-21", "evaluation_submission_date": "2018-05-29", "evaluation_approval_date": "2018-06-07", "adb_concurrence_date": "2018-06-06", "noa_date": "2018-06-20", "contract_sign_date": "2018-06-20", "start_date": "2018-06-10", "end_date": "2019-12-30", "end_date_extension": null, "end_date_actual": null}}, {"model": "package_app.packagedates", "pk": 27, "fields": {"package_no": 40, "app_date": "2018-04-09", "ift_date": "2018-04-16", "opening_date": "2018-05-17", "evaluation_submission_date": "2018-06-05", "evaluation_approval_date": "2018-06-12", "adb_concurrence_date": "2018-07-12", "noa_date": "2018-06-12", "contract_sign_date": "2018-06-12", "start_date": "2018-06-21", "end_date": "2019-12-30", "end_date_extension": null, "end_date_actual": null}}, {"model": "package_app.packagedates", "pk": 28, "fields": {"package_no": 41, "app_date": "2018-04-09", "ift_date": "2018-04-16", "opening_date": "2018-05-17", "evaluation_submission_date": "2018-06-05", "evaluation_approval_date": "2018-06-12", "adb_concurrence_date": "2018-11-26", "noa_date": "2018-06-12", "contract_sign_date": "2018-06-12", "start_date": "2018-06-21", "end_date": "2019-05-20", "end_date_extension": null, "end_date_actual": null}}, {"model": "package_app.packagedates", "pk": 29, "fields": {"package_no": 42, "app_date": "2018-04-15", "ift_date": "2018-04-18", "opening_date": "2018-05-21", "evaluation_submission_date": "2018-05-28", "evaluation_approval_date": "2018-06-12", "adb_concurrence_date": "2019-03-11", "noa_date": "2018-06-25", "contract_sign_date": "2018-06-25", "start_date": "2018-06-27", "end_date": "2019-06-20", "end_date_extension": null, "end_date_actual": null}}, {"model": "package_app.packagedates", "pk": 30, "fields": {"package_no": 43, "app_date": "2018-04-15", "ift_date": "2018-04-18", "opening_date": "2018-05-21", "evaluation_submission_date": "2018-05-28", "evaluation_approval_date": "2018-06-12", "adb_concurrence_date": "2019-03-12", "noa_date": "2018-06-25", "contract_sign_date": "2018-06-25", "start_date": "2018-06-27", "end_date": "2019-06-20", "end_date_extension": null, "end_date_actual": null}}, {"model": "package_app.packagedates", "pk": 31, "fields": {"package_no": 4, "app_date": "2018-05-30", "ift_date": "2018-07-25", "opening_date": "2018-08-27", "evaluation_submission_date": "2018-09-08", "evaluation_approval_date": "2018-09-11", "adb_concurrence_date": null, "noa_date": "2018-09-18", "contract_sign_date": "2018-09-18", "start_date": "2018-09-19", "end_date": "2019-09-16", "end_date_extension": null, "end_date_actual": null}}, {"model": "package_app.packagedates", "pk": 32, "fields": {"package_no": 44, "app_date": "2018-06-21", "ift_date": "2018-06-24", "opening_date": "2018-07-26", "evaluation_submission_date": "2018-08-16", "evaluation_approval_date": "2018-08-29", "adb_concurrence_date": null, "noa_date": "2018-09-09", "contract_sign_date": "2018-09-09", "start_date": "2018-09-10", "end_date": "2019-08-06", "end_date_extension": null, "end_date_actual": null}}, {"model": "package_app.packagedates", "pk": 33, "fields": {"package_no": 45, "app_date": "2018-08-05", "ift_date": "2018-08-08", "opening_date": "2018-09-10", "evaluation_submission_date": "2018-10-16", "evaluation_approval_date": "2018-10-21", "adb_concurrence_date": "2019-02-17", "noa_date": "2018-11-06", "contract_sign_date": "2018-11-06", "start_date": "2018-11-11", "end_date": "2019-05-30", "end_date_extension": null, "end_date_actual": null}}, {"model": "package_app.packagedates", "pk": 34, "fields": {"package_no": 46, "app_date": "2018-08-05", "ift_date": "2018-08-08", "opening_date": "2018-09-10", "evaluation_submission_date": "2018-10-16", "evaluation_approval_date": "2018-10-21", "adb_concurrence_date": "2019-03-13", "noa_date": "2018-11-06", "contract_sign_date": "2018-11-06", "start_date": "2019-11-11", "end_date": "2019-05-30", "end_date_extension": "2019-08-30", "end_date_actual": null}}, {"model": "package_app.packagedates", "pk": 35, "fields": {"package_no": 47, "app_date": "2018-08-05", "ift_date": "2018-08-08", "opening_date": "2018-09-10", "evaluation_submission_date": "2018-11-07", "evaluation_approval_date": "2018-11-14", "adb_concurrence_date": "2019-08-06", "noa_date": "2018-11-29", "contract_sign_date": "2018-11-29", "start_date": "2018-12-06", "end_date": "2019-05-30", "end_date_extension": null, "end_date_actual": null}}, {"model": "package_app.packagedates", "pk": 36, "fields": {"package_no": 48, "app_date": "2018-08-10", "ift_date": "2018-08-14", "opening_date": "2018-09-13", "evaluation_submission_date": "2018-10-30", "evaluation_approval_date": "2018-11-06", "adb_concurrence_date": "2019-08-04", "noa_date": "2018-12-02", "contract_sign_date": "2018-12-02", "start_date": "2018-12-07", "end_date": "2019-05-30", "end_date_extension": null, "end_date_actual": null}}, {"model": "package_app.packagedates", "pk": 37, "fields": {"package_no": 49, "app_date": "2018-08-10", "ift_date": "2018-08-14", "opening_date": "2018-09-13", "evaluation_submission_date": "2018-10-30", "evaluation_approval_date": "2018-11-06", "adb_concurrence_date": "2018-03-20", "noa_date": "2018-11-29", "contract_sign_date": "2018-11-29", "start_date": "2018-12-02", "end_date": "2019-05-27", "end_date_extension": null, "end_date_actual": null}}, {"model": "package_app.packagedates", "pk": 38, "fields": {"package_no": 50, "app_date": "2018-08-10", "ift_date": "2018-08-14", "opening_date": "2018-09-13", "evaluation_submission_date": "2018-10-30", "evaluation_approval_date": "2018-11-06", "adb_concurrence_date": "2019-08-04", "noa_date": "2018-11-29", "contract_sign_date": "2018-11-29", "start_date": "2018-12-06", "end_date": "2019-05-30", "end_date_extension": null, "end_date_actual": null}}, {"model": "package_app.packagedates", "pk": 39, "fields": {"package_no": 51, "app_date": "2018-08-10", "ift_date": "2018-08-14", "opening_date": "2018-09-13", "evaluation_submission_date": "2018-10-30", "evaluation_approval_date": "2018-11-14", "adb_concurrence_date": "2019-08-04", "noa_date": "2018-11-29", "contract_sign_date": "2018-11-29", "start_date": "2018-12-07", "end_date": "2019-05-30", "end_date_extension": null, "end_date_actual": null}}, {"model": "package_app.packagedates", "pk": 40, "fields": {"package_no": 52, "app_date": "2018-08-10", "ift_date": "2018-08-14", "opening_date": "2018-09-13", "evaluation_submission_date": "2018-10-30", "evaluation_approval_date": "2018-11-14", "adb_concurrence_date": null, "noa_date": "2018-11-29", "contract_sign_date": "2018-11-29", "start_date": "2018-12-07", "end_date": "2019-05-30", "end_date_extension": null, "end_date_actual": null}}, {"model": "package_app.packagedates", "pk": 41, "fields": {"package_no": 53, "app_date": "2018-08-10", "ift_date": "2018-08-14", "opening_date": "2018-09-13", "evaluation_submission_date": "2018-10-30", "evaluation_approval_date": "2018-11-14", "adb_concurrence_date": "2019-08-04", "noa_date": "2018-11-29", "contract_sign_date": "2018-11-29", "start_date": "2018-12-06", "end_date": "2019-05-30", "end_date_extension": null, "end_date_actual": null}}, {"model": "package_app.packagedates", "pk": 42, "fields": {"package_no": 54, "app_date": "2018-09-13", "ift_date": "2018-09-17", "opening_date": "2018-10-18", "evaluation_submission_date": "2018-10-29", "evaluation_approval_date": "2018-11-14", "adb_concurrence_date": "2019-02-10", "noa_date": "2018-11-18", "contract_sign_date": "2018-11-18", "start_date": "2018-11-19", "end_date": "2019-11-18", "end_date_extension": null, "end_date_actual": null}}, {"model": "package_app.packagedates", "pk": 43, "fields": {"package_no": 55, "app_date": "2018-09-13", "ift_date": "2018-09-17", "opening_date": "2018-10-18", "evaluation_submission_date": "2018-10-29", "evaluation_approval_date": "2018-11-14", "adb_concurrence_date": "2019-02-28", "noa_date": "2018-11-18", "contract_sign_date": "2018-11-18", "start_date": "2018-11-19", "end_date": "2019-11-18", "end_date_extension": null, "end_date_actual": null}}, {"model": "package_app.packagedates", "pk": 44, "fields": {"package_no": 5, "app_date": "2018-09-13", "ift_date": "2018-09-17", "opening_date": "2018-10-18", "evaluation_submission_date": "2018-10-29", "evaluation_approval_date": "2018-11-14", "adb_concurrence_date": "2019-03-03", "noa_date": "2018-11-18", "contract_sign_date": "2018-11-18", "start_date": "2018-11-19", "end_date": "2019-04-22", "end_date_extension": null, "end_date_actual": null}}, {"model": "package_app.packagedates", "pk": 45, "fields": {"package_no": 6, "app_date": "2018-10-24", "ift_date": "2018-12-18", "opening_date": "2019-01-17", "evaluation_submission_date": "2019-01-30", "evaluation_approval_date": "2019-02-20", "adb_concurrence_date": "2019-02-06", "noa_date": "2019-03-05", "contract_sign_date": "2019-03-05", "start_date": "2019-03-06", "end_date": "2020-06-30", "end_date_extension": null, "end_date_actual": null}}, {"model": "package_app.packagedates", "pk": 46, "fields": {"package_no": 56, "app_date": "2018-10-29", "ift_date": "2018-10-31", "opening_date": "2018-12-02", "evaluation_submission_date": "2018-12-26", "evaluation_approval_date": "2019-01-23", "adb_concurrence_date": "2019-03-24", "noa_date": "2019-01-29", "contract_sign_date": "2019-01-29", "start_date": "2019-01-30", "end_date": "2019-05-30", "end_date_extension": null, "end_date_actual": null}}, {"model": "package_app.packagedates", "pk": 47, "fields": {"package_no": 57, "app_date": "2018-11-21", "ift_date": "2018-11-27", "opening_date": "2018-12-27", "evaluation_submission_date": "2019-01-21", "evaluation_approval_date": "2019-01-23", "adb_concurrence_date": null, "noa_date": "2019-02-05", "contract_sign_date": "2019-02-05", "start_date": "2019-02-09", "end_date": "2019-11-14", "end_date_extension": null, "end_date_actual": null}}, {"model": "package_app.packagedates", "pk": 48, "fields": {"package_no": 7, "app_date": "2018-11-14", "ift_date": "2018-11-19", "opening_date": "2018-12-19", "evaluation_submission_date": "2018-12-27", "evaluation_approval_date": "2019-01-15", "adb_concurrence_date": "2019-08-04", "noa_date": "2019-01-28", "contract_sign_date": "2019-01-28", "start_date": "2019-01-28", "end_date": "2020-01-27", "end_date_extension": null, "end_date_actual": null}}, {"model": "package_app.packagedates", "pk": 49, "fields": {"package_no": 58, "app_date": "2018-11-28", "ift_date": "2018-12-02", "opening_date": "2019-01-03", "evaluation_submission_date": "2019-01-20", "evaluation_approval_date": "2019-01-20", "adb_concurrence_date": null, "noa_date": "2019-02-03", "contract_sign_date": "2019-02-03", "start_date": "2019-02-04", "end_date": "2019-06-21", "end_date_extension": null, "end_date_actual": null}}, {"model": "package_app.packagedates", "pk": 50, "fields": {"package_no": 59, "app_date": "2019-07-28", "ift_date": "2019-07-30", "opening_date": "2019-08-29", "evaluation_submission_date": null, "evaluation_approval_date": "2019-04-20", "adb_concurrence_date": "2019-04-17", "noa_date": null, "contract_sign_date": null, "start_date": null, "end_date": null, "end_date_extension": null, "end_date_actual": null}}, {"model": "package_app.packagedates", "pk": 51, "fields": {"package_no": 60, "app_date": "2018-12-17", "ift_date": "2018-12-19", "opening_date": "2019-01-21", "evaluation_submission_date": "2019-02-05", "evaluation_approval_date": "2019-02-10", "adb_concurrence_date": null, "noa_date": "2019-02-20", "contract_sign_date": "2019-02-20", "start_date": "2019-02-20", "end_date": "2019-06-20", "end_date_extension": null, "end_date_actual": null}}, {"model": "package_app.packagedates", "pk": 52, "fields": {"package_no": 8, "app_date": "2018-12-18", "ift_date": "2018-12-23", "opening_date": "2019-01-22", "evaluation_submission_date": "2019-02-26", "evaluation_approval_date": "2019-03-24", "adb_concurrence_date": null, "noa_date": "2019-04-08", "contract_sign_date": "2019-03-28", "start_date": "2019-04-09", "end_date": "2020-01-26", "end_date_extension": null, "end_date_actual": null}}, {"model": "package_app.packagedates", "pk": 53, "fields": {"package_no": 61, "app_date": "2018-12-18", "ift_date": "2018-12-23", "opening_date": "2019-01-22", "evaluation_submission_date": "2019-02-26", "evaluation_approval_date": "2019-02-28", "adb_concurrence_date": null, "noa_date": "2019-03-28", "contract_sign_date": "2019-03-28", "start_date": "2019-03-31", "end_date": "2020-02-11", "end_date_extension": null, "end_date_actual": null}}, {"model": "package_app.packagedates", "pk": 54, "fields": {"package_no": 62, "app_date": "2019-01-29", "ift_date": "2019-01-30", "opening_date": "2019-03-04", "evaluation_submission_date": "2019-05-27", "evaluation_approval_date": "2019-05-27", "adb_concurrence_date": null, "noa_date": "2019-05-27", "contract_sign_date": "2019-05-30", "start_date": "2019-06-09", "end_date": "2020-06-30", "end_date_extension": null, "end_date_actual": null}}, {"model": "package_app.packagedates", "pk": 55, "fields": {"package_no": 63, "app_date": "2019-01-31", "ift_date": "2019-02-05", "opening_date": "2019-03-11", "evaluation_submission_date": "2019-03-27", "evaluation_approval_date": "2019-04-08", "adb_concurrence_date": null, "noa_date": "2019-04-09", "contract_sign_date": "2019-04-23", "start_date": "2019-04-23", "end_date": "2020-06-21", "end_date_extension": null, "end_date_actual": null}}, {"model": "package_app.packagedates", "pk": 56, "fields": {"package_no": 64, "app_date": "2019-02-27", "ift_date": "2019-03-06", "opening_date": "2019-04-08", "evaluation_submission_date": "2019-04-23", "evaluation_approval_date": "2019-04-29", "adb_concurrence_date": null, "noa_date": "2019-05-06", "contract_sign_date": "2019-05-07", "start_date": "2019-05-07", "end_date": "2020-06-25", "end_date_extension": null, "end_date_actual": null}}, {"model": "package_app.packagedates", "pk": 57, "fields": {"package_no": 65, "app_date": "2019-02-27", "ift_date": "2019-03-06", "opening_date": "2019-04-08", "evaluation_submission_date": "2019-04-23", "evaluation_approval_date": "2019-04-29", "adb_concurrence_date": null, "noa_date": "2019-05-06", "contract_sign_date": "2019-05-07", "start_date": "2019-05-07", "end_date": "2020-06-25", "end_date_extension": null, "end_date_actual": null}}, {"model": "package_app.packagedates", "pk": 58, "fields": {"package_no": 66, "app_date": "2019-05-14", "ift_date": "2019-05-21", "opening_date": "2019-06-24", "evaluation_submission_date": "2019-07-03", "evaluation_approval_date": "2019-07-03", "adb_concurrence_date": null, "noa_date": "2019-07-04", "contract_sign_date": "2019-07-10", "start_date": "2019-07-10", "end_date": "2020-06-30", "end_date_extension": null, "end_date_actual": null}}, {"model": "package_app.packagedates", "pk": 59, "fields": {"package_no": 67, "app_date": "2019-02-27", "ift_date": "2019-03-06", "opening_date": "2019-04-08", "evaluation_submission_date": "2019-04-23", "evaluation_approval_date": "2019-04-29", "adb_concurrence_date": null, "noa_date": "2019-05-06", "contract_sign_date": "2019-05-16", "start_date": "2019-05-16", "end_date": "2020-06-28", "end_date_extension": null, "end_date_actual": null}}, {"model": "package_app.packagedates", "pk": 60, "fields": {"package_no": 68, "app_date": "2019-06-11", "ift_date": "2019-06-17", "opening_date": "2019-07-18", "evaluation_submission_date": "2019-08-29", "evaluation_approval_date": "2019-09-02", "adb_concurrence_date": null, "noa_date": null, "contract_sign_date": null, "start_date": null, "end_date": null, "end_date_extension": null, "end_date_actual": null}}, {"model": "package_app.packagedates", "pk": 61, "fields": {"package_no": 69, "app_date": "2019-06-11", "ift_date": "2019-06-17", "opening_date": "2019-07-18", "evaluation_submission_date": "2019-08-29", "evaluation_approval_date": "2019-09-02", "adb_concurrence_date": null, "noa_date": null, "contract_sign_date": null, "start_date": null, "end_date": null, "end_date_extension": null, "end_date_actual": null}}, {"model": "package_app.packagedates", "pk": 62, "fields": {"package_no": 70, "app_date": "2019-05-14", "ift_date": "2019-05-21", "opening_date": "2019-06-24", "evaluation_submission_date": "2019-07-01", "evaluation_approval_date": "2019-07-02", "adb_concurrence_date": null, "noa_date": null, "contract_sign_date": "2019-07-04", "start_date": "2019-07-04", "end_date": "2020-06-30", "end_date_extension": null, "end_date_actual": null}}, {"model": "package_app.packagedates", "pk": 63, "fields": {"package_no": 71, "app_date": "2019-05-14", "ift_date": "2019-05-21", "opening_date": "2019-06-24", "evaluation_submission_date": "2019-07-01", "evaluation_approval_date": "2019-07-02", "adb_concurrence_date": null, "noa_date": null, "contract_sign_date": "2019-07-04", "start_date": "2019-07-04", "end_date": "2020-06-30", "end_date_extension": null, "end_date_actual": null}}, {"model": "package_app.packagedates", "pk": 64, "fields": {"package_no": 72, "app_date": "2019-06-18", "ift_date": "2019-06-25", "opening_date": "2019-07-28", "evaluation_submission_date": "2019-09-03", "evaluation_approval_date": "2019-09-05", "adb_concurrence_date": null, "noa_date": null, "contract_sign_date": null, "start_date": null, "end_date": null, "end_date_extension": null, "end_date_actual": null}}, {"model": "package_app.packagedates", "pk": 65, "fields": {"package_no": 73, "app_date": "2019-06-28", "ift_date": "2019-07-03", "opening_date": "2019-08-05", "evaluation_submission_date": null, "evaluation_approval_date": null, "adb_concurrence_date": null, "noa_date": null, "contract_sign_date": null, "start_date": null, "end_date": null, "end_date_extension": null, "end_date_actual": null}}, {"model": "package_app.packagedates", "pk": 66, "fields": {"package_no": 74, "app_date": "2019-06-19", "ift_date": "2019-06-24", "opening_date": "2019-07-24", "evaluation_submission_date": "2019-08-25", "evaluation_approval_date": "2019-08-29", "adb_concurrence_date": null, "noa_date": null, "contract_sign_date": null, "start_date": null, "end_date": null, "end_date_extension": null, "end_date_actual": null}}, {"model": "package_app.packagedates", "pk": 67, "fields": {"package_no": 75, "app_date": "2019-06-19", "ift_date": "2019-06-24", "opening_date": "2019-07-24", "evaluation_submission_date": "2019-08-25", "evaluation_approval_date": "2019-08-29", "adb_concurrence_date": null, "noa_date": null, "contract_sign_date": null, "start_date": null, "end_date": null, "end_date_extension": null, "end_date_actual": null}}, {"model": "package_app.packagedates", "pk": 68, "fields": {"package_no": 76, "app_date": "2019-06-19", "ift_date": "2019-06-24", "opening_date": "2019-07-24", "evaluation_submission_date": "2019-08-25", "evaluation_approval_date": "2019-08-29", "adb_concurrence_date": null, "noa_date": null, "contract_sign_date": null, "start_date": null, "end_date": null, "end_date_extension": null, "end_date_actual": null}}, {"model": "package_app.packagedates", "pk": 69, "fields": {"package_no": 77, "app_date": "2019-06-19", "ift_date": "2019-07-07", "opening_date": "2019-08-07", "evaluation_submission_date": null, "evaluation_approval_date": null, "adb_concurrence_date": null, "noa_date": null, "contract_sign_date": null, "start_date": null, "end_date": null, "end_date_extension": null, "end_date_actual": null}}, {"model": "package_app.packagedates", "pk": 70, "fields": {"package_no": 78, "app_date": "2019-06-19", "ift_date": "2019-07-07", "opening_date": "2019-08-07", "evaluation_submission_date": null, "evaluation_approval_date": null, "adb_concurrence_date": null, "noa_date": null, "contract_sign_date": null, "start_date": null, "end_date": null, "end_date_extension": null, "end_date_actual": null}}, {"model": "package_app.packagedates", "pk": 71, "fields": {"package_no": 9, "app_date": "2019-06-19", "ift_date": "2019-07-07", "opening_date": "2019-08-07", "evaluation_submission_date": null, "evaluation_approval_date": null, "adb_concurrence_date": null, "noa_date": null, "contract_sign_date": null, "start_date": null, "end_date": null, "end_date_extension": null, "end_date_actual": null}}, {"model": "package_app.packagedates", "pk": 72, "fields": {"package_no": 79, "app_date": "2019-07-25", "ift_date": "2019-07-29", "opening_date": "2019-08-29", "evaluation_submission_date": null, "evaluation_approval_date": null, "adb_concurrence_date": null, "noa_date": null, "contract_sign_date": null, "start_date": null, "end_date": null, "end_date_extension": null, "end_date_actual": null}}, {"model": "package_app.packagedates", "pk": 73, "fields": {"package_no": 80, "app_date": "2019-08-04", "ift_date": "2019-08-08", "opening_date": "2019-09-09", "evaluation_submission_date": null, "evaluation_approval_date": null, "adb_concurrence_date": null, "noa_date": null, "contract_sign_date": null, "start_date": null, "end_date": null, "end_date_extension": null, "end_date_actual": null}}, {"model": "package_app.packagedates", "pk": 74, "fields": {"package_no": 81, "app_date": "2019-09-01", "ift_date": null, "opening_date": null, "evaluation_submission_date": null, "evaluation_approval_date": null, "adb_concurrence_date": null, "noa_date": null, "contract_sign_date": null, "start_date": null, "end_date": null, "end_date_extension": null, "end_date_actual": null}}, {"model": "package_app.packagedates", "pk": 75, "fields": {"package_no": 82, "app_date": "2019-09-01", "ift_date": null, "opening_date": null, "evaluation_submission_date": null, "evaluation_approval_date": null, "adb_concurrence_date": null, "noa_date": null, "contract_sign_date": null, "start_date": null, "end_date": null, "end_date_extension": null, "end_date_actual": null}}, {"model": "package_app.packagedates", "pk": 76, "fields": {"package_no": 83, "app_date": "2019-09-02", "ift_date": null, "opening_date": null, "evaluation_submission_date": null, "evaluation_approval_date": null, "adb_concurrence_date": null, "noa_date": null, "contract_sign_date": null, "start_date": null, "end_date": null, "end_date_extension": null, "end_date_actual": null}}, {"model": "package_app.packagedates", "pk": 77, "fields": {"package_no": 84, "app_date": "2019-07-31", "ift_date": null, "opening_date": null, "evaluation_submission_date": null, "evaluation_approval_date": null, "adb_concurrence_date": null, "noa_date": null, "contract_sign_date": null, "start_date": null, "end_date": null, "end_date_extension": null, "end_date_actual": null}}, {"model": "package_app.packagedates", "pk": 78, "fields": {"package_no": 85, "app_date": "2019-08-28", "ift_date": null, "opening_date": null, "evaluation_submission_date": null, "evaluation_approval_date": null, "adb_concurrence_date": null, "noa_date": null, "contract_sign_date": null, "start_date": null, "end_date": null, "end_date_extension": null, "end_date_actual": null}}, {"model": "package_app.packagedates", "pk": 79, "fields": {"package_no": 86, "app_date": "2019-08-28", "ift_date": null, "opening_date": null, "evaluation_submission_date": null, "evaluation_approval_date": null, "adb_concurrence_date": null, "noa_date": null, "contract_sign_date": null, "start_date": null, "end_date": null, "end_date_extension": null, "end_date_actual": null}}, {"model": "package_app.packagedates", "pk": 80, "fields": {"package_no": 90, "app_date": null, "ift_date": null, "opening_date": null, "evaluation_submission_date": null, "evaluation_approval_date": null, "adb_concurrence_date": null, "noa_date": null, "contract_sign_date": null, "start_date": null, "end_date": null, "end_date_extension": null, "end_date_actual": null}}, {"model": "package_app.billname", "pk": 1, "fields": {"bill_type": "advance bill"}}, {"model": "package_app.billname", "pk": 2, "fields": {"bill_type": "1st RA Bill"}}, {"model": "package_app.billname", "pk": 3, "fields": {"bill_type": "2nd RA Bill"}}, {"model": "package_app.billname", "pk": 4, "fields": {"bill_type": "3rd RA Bill"}}, {"model": "package_app.billname", "pk": 5, "fields": {"bill_type": "4th RA Bill"}}, {"model": "package_app.billname", "pk": 6, "fields": {"bill_type": "5th RA Bill"}}, {"model": "package_app.billname", "pk": 7, "fields": {"bill_type": "6th RA Bill"}}, {"model": "package_app.billname", "pk": 8, "fields": {"bill_type": "7th RA Bill"}}, {"model": "package_app.billname", "pk": 9, "fields": {"bill_type": "8th RA Bill"}}, {"model": "package_app.billname", "pk": 10, "fields": {"bill_type": "Final  Bill"}}, {"model": "package_app.bill", "pk": 3, "fields": {"package_no": 4, "bill_type": 1, "bill_date": "2018-12-11", "bill_amount": 3772697.65, "FY": "2018-2019"}}, {"model": "package_app.bill", "pk": 4, "fields": {"package_no": 4, "bill_type": 2, "bill_date": "2019-01-01", "bill_amount": 7591012.99, "FY": "2018-2019"}}, {"model": "package_app.bill", "pk": 5, "fields": {"package_no": 4, "bill_type": 3, "bill_date": "2019-03-31", "bill_amount": 3624210.28, "FY": "2018-2019"}}, {"model": "package_app.bill", "pk": 6, "fields": {"package_no": 5, "bill_type": 1, "bill_date": "2018-12-11", "bill_amount": 1071696.59, "FY": "2018-2019"}}, {"model": "package_app.bill", "pk": 7, "fields": {"package_no": 5, "bill_type": 2, "bill_date": "2019-01-22", "bill_amount": 2729580.29, "FY": "2018-2019"}}, {"model": "package_app.bill", "pk": 8, "fields": {"package_no": 5, "bill_type": 3, "bill_date": "2019-02-06", "bill_amount": 2176317.85, "FY": "2018-2019"}}, {"model": "package_app.bill", "pk": 9, "fields": {"package_no": 5, "bill_type": 4, "bill_date": "2019-03-12", "bill_amount": 1221402.87, "FY": "2018-2019"}}, {"model": "package_app.bill", "pk": 10, "fields": {"package_no": 5, "bill_type": 5, "bill_date": "2019-05-28", "bill_amount": 1671485.85, "FY": "2018-2019"}}, {"model": "package_app.bill", "pk": 11, "fields": {"package_no": 6, "bill_type": 2, "bill_date": "2019-04-29", "bill_amount": 2481403.05, "FY": "2018-2019"}}, {"model": "package_app.bill", "pk": 12, "fields": {"package_no": 7, "bill_type": 2, "bill_date": "2019-02-07", "bill_amount": 3890513.14, "FY": "2018-2019"}}, {"model": "package_app.bill", "pk": 13, "fields": {"package_no": 7, "bill_type": 3, "bill_date": "2019-03-12", "bill_amount": 4733905.62, "FY": "2018-2019"}}, {"model": "package_app.bill", "pk": 14, "fields": {"package_no": 7, "bill_type": 4, "bill_date": "2019-04-10", "bill_amount": 2105532.24, "FY": "2018-2019"}}, {"model": "package_app.bill", "pk": 15, "fields": {"package_no": 8, "bill_type": 2, "bill_date": "2019-06-19", "bill_amount": 5808529.68, "FY": "2018-2019"}}, {"model": "package_app.bill", "pk": 16, "fields": {"package_no": 4, "bill_type": 4, "bill_date": "2019-05-28", "bill_amount": 2302717.15, "FY": "2018-2019"}}, {"model": "package_app.bill", "pk": 17, "fields": {"package_no": 29, "bill_type": 1, "bill_date": "2017-06-28", "bill_amount": 3949660.0, "FY": "2016-2017"}}, {"model": "package_app.bill", "pk": 18, "fields": {"package_no": 29, "bill_type": 2, "bill_date": "2018-10-30", "bill_amount": 12728789.23, "FY": "2018-2019"}}, {"model": "package_app.bill", "pk": 19, "fields": {"package_no": 29, "bill_type": 3, "bill_date": "2018-02-25", "bill_amount": 6249184.86, "FY": "2017-2018"}}, {"model": "package_app.bill", "pk": 20, "fields": {"package_no": 29, "bill_type": 4, "bill_date": "2018-06-10", "bill_amount": 2047223.68, "FY": "2017-2018"}}, {"model": "package_app.bill", "pk": 21, "fields": {"package_no": 29, "bill_type": 5, "bill_date": "2018-04-11", "bill_amount": 2707388.94, "FY": "2017-2018"}}, {"model": "package_app.bill", "pk": 22, "fields": {"package_no": 29, "bill_type": 6, "bill_date": "2019-03-02", "bill_amount": 1813492.3, "FY": "2018-2019"}}, {"model": "package_app.bill", "pk": 23, "fields": {"package_no": 29, "bill_type": 7, "bill_date": "2019-04-30", "bill_amount": 3478108.34, "FY": "2018-2019"}}, {"model": "package_app.bill", "pk": 24, "fields": {"package_no": 29, "bill_type": 8, "bill_date": "2019-06-28", "bill_amount": 8000000.0, "FY": "2018-2019"}}, {"model": "package_app.bill", "pk": 25, "fields": {"package_no": 30, "bill_type": 2, "bill_date": "2018-12-13", "bill_amount": 8466698.35, "FY": "2018-2019"}}, {"model": "package_app.bill", "pk": 26, "fields": {"package_no": 30, "bill_type": 3, "bill_date": "2019-01-22", "bill_amount": 6810063.04, "FY": "2018-2019"}}, {"model": "package_app.bill", "pk": 27, "fields": {"package_no": 30, "bill_type": 4, "bill_date": "2019-02-26", "bill_amount": 7092860.14, "FY": "2018-2019"}}, {"model": "package_app.bill", "pk": 28, "fields": {"package_no": 30, "bill_type": 5, "bill_date": "2019-05-26", "bill_amount": 7003443.65, "FY": "2018-2019"}}, {"model": "package_app.bill", "pk": 29, "fields": {"package_no": 30, "bill_type": 6, "bill_date": "2019-09-01", "bill_amount": 2784419.6, "FY": "2019-2020"}}, {"model": "package_app.bill", "pk": 30, "fields": {"package_no": 31, "bill_type": 2, "bill_date": "2019-01-10", "bill_amount": 10156448.0, "FY": "2018-2019"}}, {"model": "package_app.bill", "pk": 31, "fields": {"package_no": 31, "bill_type": 3, "bill_date": "2019-02-26", "bill_amount": 9745258.0, "FY": "2018-2019"}}, {"model": "package_app.bill", "pk": 32, "fields": {"package_no": 31, "bill_type": 4, "bill_date": "2019-04-28", "bill_amount": 5019052.0, "FY": "2018-2019"}}, {"model": "package_app.bill", "pk": 33, "fields": {"package_no": 32, "bill_type": 1, "bill_date": "2018-06-25", "bill_amount": 2620802.61, "FY": "2017-2018"}}, {"model": "package_app.bill", "pk": 34, "fields": {"package_no": 32, "bill_type": 2, "bill_date": "2019-01-30", "bill_amount": 3915691.88, "FY": "2018-2019"}}, {"model": "package_app.bill", "pk": 35, "fields": {"package_no": 32, "bill_type": 3, "bill_date": "2019-03-12", "bill_amount": 6046378.27, "FY": "2018-2019"}}, {"model": "package_app.bill", "pk": 36, "fields": {"package_no": 32, "bill_type": 4, "bill_date": "2019-04-10", "bill_amount": 3203245.8, "FY": "2018-2019"}}, {"model": "package_app.bill", "pk": 37, "fields": {"package_no": 33, "bill_type": 1, "bill_date": "2018-06-23", "bill_amount": 1148702.57, "FY": "2017-2018"}}, {"model": "package_app.bill", "pk": 38, "fields": {"package_no": 33, "bill_type": 2, "bill_date": "2019-01-22", "bill_amount": 2926123.47, "FY": "2018-2019"}}, {"model": "package_app.bill", "pk": 39, "fields": {"package_no": 33, "bill_type": 3, "bill_date": "2019-03-12", "bill_amount": 2470974.22, "FY": "2018-2019"}}, {"model": "package_app.bill", "pk": 40, "fields": {"package_no": 33, "bill_type": 4, "bill_date": "2019-05-07", "bill_amount": 1575915.45, "FY": "2018-2019"}}, {"model": "package_app.bill", "pk": 41, "fields": {"package_no": 34, "bill_type": 2, "bill_date": "2019-01-24", "bill_amount": 1768918.66, "FY": "2018-2019"}}, {"model": "package_app.bill", "pk": 42, "fields": {"package_no": 34, "bill_type": 3, "bill_date": "2019-04-09", "bill_amount": 2541403.24, "FY": "2018-2019"}}, {"model": "package_app.bill", "pk": 43, "fields": {"package_no": 34, "bill_type": 4, "bill_date": "2019-05-07", "bill_amount": 2601623.74, "FY": "2018-2019"}}, {"model": "package_app.bill", "pk": 44, "fields": {"package_no": 34, "bill_type": 5, "bill_date": "2019-05-28", "bill_amount": 1362627.68, "FY": "2018-2019"}}, {"model": "package_app.bill", "pk": 45, "fields": {"package_no": 35, "bill_type": 1, "bill_date": "2018-06-27", "bill_amount": 458068.46, "FY": "2017-2018"}}, {"model": "package_app.bill", "pk": 46, "fields": {"package_no": 35, "bill_type": 2, "bill_date": "2019-01-14", "bill_amount": 2014917.0, "FY": "2018-2019"}}, {"model": "package_app.bill", "pk": 47, "fields": {"package_no": 35, "bill_type": 3, "bill_date": "2019-03-12", "bill_amount": 759637.0, "FY": "2018-2019"}}, {"model": "package_app.bill", "pk": 48, "fields": {"package_no": 35, "bill_type": 4, "bill_date": "2019-06-20", "bill_amount": 930718.0, "FY": "2018-2019"}}, {"model": "package_app.bill", "pk": 49, "fields": {"package_no": 36, "bill_type": 1, "bill_date": "2018-06-30", "bill_amount": 825596.0, "FY": "2017-2018"}}, {"model": "package_app.bill", "pk": 50, "fields": {"package_no": 36, "bill_type": 2, "bill_date": "2019-02-12", "bill_amount": 4206088.0, "FY": "2018-2019"}}, {"model": "package_app.bill", "pk": 51, "fields": {"package_no": 36, "bill_type": 3, "bill_date": "2019-04-30", "bill_amount": 2550127.5, "FY": "2018-2019"}}, {"model": "package_app.bill", "pk": 52, "fields": {"package_no": 37, "bill_type": 1, "bill_date": "2018-06-29", "bill_amount": 1456182.1, "FY": "2017-2018"}}, {"model": "package_app.bill", "pk": 53, "fields": {"package_no": 37, "bill_type": 2, "bill_date": "2019-01-15", "bill_amount": 4490491.88, "FY": "2018-2019"}}, {"model": "package_app.bill", "pk": 54, "fields": {"package_no": 37, "bill_type": 3, "bill_date": "2019-03-04", "bill_amount": 3361257.08, "FY": "2018-2019"}}, {"model": "package_app.bill", "pk": 55, "fields": {"package_no": 37, "bill_type": 4, "bill_date": "2019-06-27", "bill_amount": 3519483.55, "FY": "2018-2019"}}, {"model": "package_app.bill", "pk": 56, "fields": {"package_no": 38, "bill_type": 1, "bill_date": "2018-06-20", "bill_amount": 1510282.97, "FY": "2017-2018"}}, {"model": "package_app.bill", "pk": 57, "fields": {"package_no": 38, "bill_type": 2, "bill_date": "2019-05-28", "bill_amount": 3802836.24, "FY": "2018-2019"}}, {"model": "package_app.bill", "pk": 58, "fields": {"package_no": 39, "bill_type": 1, "bill_date": "2018-06-28", "bill_amount": 6550000.0, "FY": "2017-2018"}}, {"model": "package_app.bill", "pk": 59, "fields": {"package_no": 39, "bill_type": 2, "bill_date": "2018-09-05", "bill_amount": 4784020.0, "FY": "2018-2019"}}, {"model": "package_app.bill", "pk": 60, "fields": {"package_no": 39, "bill_type": 3, "bill_date": "2018-11-06", "bill_amount": 25795837.0, "FY": "2018-2019"}}, {"model": "package_app.bill", "pk": 61, "fields": {"package_no": 39, "bill_type": 4, "bill_date": "2018-12-12", "bill_amount": 17096151.0, "FY": "2018-2019"}}, {"model": "package_app.bill", "pk": 62, "fields": {"package_no": 39, "bill_type": 5, "bill_date": "2019-04-16", "bill_amount": 7778349.4, "FY": "2018-2019"}}, {"model": "package_app.bill", "pk": 63, "fields": {"package_no": 40, "bill_type": 1, "bill_date": "2018-06-28", "bill_amount": 6000000.0, "FY": "2017-2018"}}, {"model": "package_app.bill", "pk": 64, "fields": {"package_no": 40, "bill_type": 2, "bill_date": "2018-08-12", "bill_amount": 4600000.0, "FY": "2018-2019"}}, {"model": "package_app.bill", "pk": 65, "fields": {"package_no": 40, "bill_type": 3, "bill_date": "2018-11-18", "bill_amount": 14534876.0, "FY": "2018-2019"}}, {"model": "package_app.bill", "pk": 66, "fields": {"package_no": 40, "bill_type": 4, "bill_date": "2018-12-26", "bill_amount": 10978620.0, "FY": "2018-2019"}}, {"model": "package_app.bill", "pk": 67, "fields": {"package_no": 40, "bill_type": 5, "bill_date": "2019-02-20", "bill_amount": 14328928.0, "FY": "2018-2019"}}, {"model": "package_app.bill", "pk": 68, "fields": {"package_no": 40, "bill_type": 6, "bill_date": "2019-05-28", "bill_amount": 8452758.0, "FY": "2018-2019"}}, {"model": "package_app.bill", "pk": 132, "fields": {"package_no": 41, "bill_type": 1, "bill_date": "2018-06-28", "bill_amount": 5500000.0, "FY": "2017-2018"}}, {"model": "package_app.bill", "pk": 133, "fields": {"package_no": 41, "bill_type": 2, "bill_date": "2018-08-12", "bill_amount": 4600000.0, "FY": "2018-2019"}}, {"model": "package_app.bill", "pk": 134, "fields": {"package_no": 41, "bill_type": 3, "bill_date": "2018-11-18", "bill_amount": 12196292.0, "FY": "2018-2019"}}, {"model": "package_app.bill", "pk": 135, "fields": {"package_no": 41, "bill_type": 4, "bill_date": "2018-12-26", "bill_amount": 10609321.0, "FY": "2018-2019"}}, {"model": "package_app.bill", "pk": 136, "fields": {"package_no": 41, "bill_type": 5, "bill_date": "2019-02-20", "bill_amount": 12350524.0, "FY": "2018-2019"}}, {"model": "package_app.bill", "pk": 137, "fields": {"package_no": 41, "bill_type": 6, "bill_date": "2019-05-28", "bill_amount": 6085175.0, "FY": "2018-2019"}}, {"model": "package_app.bill", "pk": 138, "fields": {"package_no": 42, "bill_type": 1, "bill_date": "2018-06-20", "bill_amount": 762029.6, "FY": "2017-2018"}}, {"model": "package_app.bill", "pk": 139, "fields": {"package_no": 42, "bill_type": 2, "bill_date": "2019-01-14", "bill_amount": 3626606.0, "FY": "2018-2019"}}, {"model": "package_app.bill", "pk": 140, "fields": {"package_no": 42, "bill_type": 3, "bill_date": "2019-03-12", "bill_amount": 1316823.0, "FY": "2018-2019"}}, {"model": "package_app.bill", "pk": 141, "fields": {"package_no": 42, "bill_type": 4, "bill_date": "2019-06-30", "bill_amount": 1397349.0, "FY": "2018-2019"}}, {"model": "package_app.bill", "pk": 142, "fields": {"package_no": 43, "bill_type": 1, "bill_date": "2018-06-20", "bill_amount": 2423001.54, "FY": "2017-2018"}}, {"model": "package_app.bill", "pk": 143, "fields": {"package_no": 43, "bill_type": 2, "bill_date": "2018-12-30", "bill_amount": 4034436.0, "FY": "2018-2019"}}, {"model": "package_app.bill", "pk": 144, "fields": {"package_no": 43, "bill_type": 3, "bill_date": "2019-04-02", "bill_amount": 10003004.72, "FY": "2018-2019"}}, {"model": "package_app.bill", "pk": 145, "fields": {"package_no": 43, "bill_type": 4, "bill_date": "2019-05-13", "bill_amount": 5012802.0, "FY": "2018-2019"}}, {"model": "package_app.bill", "pk": 146, "fields": {"package_no": 44, "bill_type": 1, "bill_date": "2018-12-11", "bill_amount": 6661336.99, "FY": "2018-2019"}}, {"model": "package_app.bill", "pk": 147, "fields": {"package_no": 44, "bill_type": 2, "bill_date": "2019-01-22", "bill_amount": 10253291.0, "FY": "2018-2019"}}, {"model": "package_app.bill", "pk": 148, "fields": {"package_no": 44, "bill_type": 3, "bill_date": "2019-02-26", "bill_amount": 13416456.79, "FY": "2018-2019"}}, {"model": "package_app.bill", "pk": 149, "fields": {"package_no": 44, "bill_type": 4, "bill_date": "2019-03-31", "bill_amount": 8709967.5, "FY": "2018-2019"}}, {"model": "package_app.bill", "pk": 150, "fields": {"package_no": 44, "bill_type": 5, "bill_date": "2019-05-28", "bill_amount": 9678405.82, "FY": "2018-2019"}}, {"model": "package_app.bill", "pk": 151, "fields": {"package_no": 45, "bill_type": 2, "bill_date": "2019-02-12", "bill_amount": 7509925.37, "FY": "2018-2019"}}, {"model": "package_app.bill", "pk": 152, "fields": {"package_no": 45, "bill_type": 3, "bill_date": "2019-04-09", "bill_amount": 5714570.4, "FY": "2018-2019"}}, {"model": "package_app.bill", "pk": 153, "fields": {"package_no": 46, "bill_type": 2, "bill_date": "2019-04-09", "bill_amount": 7052149.05, "FY": "2018-2019"}}, {"model": "package_app.bill", "pk": 154, "fields": {"package_no": 46, "bill_type": 3, "bill_date": "2019-05-22", "bill_amount": 7901929.0, "FY": "2018-2019"}}, {"model": "package_app.bill", "pk": 155, "fields": {"package_no": 47, "bill_type": 2, "bill_date": "2019-02-12", "bill_amount": 9786541.71, "FY": "2018-2019"}}, {"model": "package_app.bill", "pk": 156, "fields": {"package_no": 47, "bill_type": 3, "bill_date": "2019-04-10", "bill_amount": 11975560.47, "FY": "2018-2019"}}, {"model": "package_app.bill", "pk": 157, "fields": {"package_no": 48, "bill_type": 2, "bill_date": "2019-02-28", "bill_amount": 1171183.649, "FY": "2018-2019"}}, {"model": "package_app.bill", "pk": 158, "fields": {"package_no": 48, "bill_type": 3, "bill_date": "2019-03-21", "bill_amount": 2521424.17, "FY": "2018-2019"}}, {"model": "package_app.bill", "pk": 159, "fields": {"package_no": 48, "bill_type": 4, "bill_date": "2019-06-20", "bill_amount": 800439.59, "FY": "2018-2019"}}, {"model": "package_app.bill", "pk": 160, "fields": {"package_no": 49, "bill_type": 2, "bill_date": "2019-03-19", "bill_amount": 5683361.15, "FY": "2018-2019"}}, {"model": "package_app.bill", "pk": 161, "fields": {"package_no": 49, "bill_type": 3, "bill_date": "2019-05-28", "bill_amount": 5745047.99, "FY": "2018-2019"}}, {"model": "package_app.bill", "pk": 162, "fields": {"package_no": 50, "bill_type": 2, "bill_date": "2019-02-19", "bill_amount": 5986413.74, "FY": "2018-2019"}}, {"model": "package_app.bill", "pk": 163, "fields": {"package_no": 50, "bill_type": 3, "bill_date": "2019-03-22", "bill_amount": 6373089.92, "FY": "2018-2019"}}, {"model": "package_app.bill", "pk": 164, "fields": {"package_no": 51, "bill_type": 2, "bill_date": "2019-02-20", "bill_amount": 7043892.84, "FY": "2018-2019"}}, {"model": "package_app.bill", "pk": 165, "fields": {"package_no": 51, "bill_type": 3, "bill_date": "2019-04-10", "bill_amount": 4387166.925, "FY": "2018-2019"}}, {"model": "package_app.bill", "pk": 166, "fields": {"package_no": 52, "bill_type": 2, "bill_date": "2019-02-19", "bill_amount": 5084496.54, "FY": "2018-2019"}}, {"model": "package_app.bill", "pk": 167, "fields": {"package_no": 52, "bill_type": 3, "bill_date": "2019-05-29", "bill_amount": 2873884.21, "FY": "2018-2019"}}, {"model": "package_app.bill", "pk": 168, "fields": {"package_no": 53, "bill_type": 2, "bill_date": "2019-02-12", "bill_amount": 9927675.35, "FY": "2018-2019"}}, {"model": "package_app.bill", "pk": 169, "fields": {"package_no": 53, "bill_type": 3, "bill_date": "2019-04-09", "bill_amount": 6596286.23, "FY": "2018-2019"}}, {"model": "package_app.bill", "pk": 170, "fields": {"package_no": 53, "bill_type": 4, "bill_date": "2019-06-02", "bill_amount": 3268756.68, "FY": "2018-2019"}}, {"model": "package_app.bill", "pk": 171, "fields": {"package_no": 54, "bill_type": 1, "bill_date": "2018-12-11", "bill_amount": 2238782.12, "FY": "2018-2019"}}, {"model": "package_app.bill", "pk": 172, "fields": {"package_no": 54, "bill_type": 2, "bill_date": "2019-02-10", "bill_amount": 2985842.21, "FY": "2018-2019"}}, {"model": "package_app.bill", "pk": 173, "fields": {"package_no": 54, "bill_type": 3, "bill_date": "2019-03-12", "bill_amount": 6367534.11, "FY": "2018-2019"}}, {"model": "package_app.bill", "pk": 174, "fields": {"package_no": 54, "bill_type": 4, "bill_date": "2019-06-30", "bill_amount": 2353795.07, "FY": "2018-2019"}}, {"model": "package_app.bill", "pk": 175, "fields": {"package_no": 54, "bill_type": 5, "bill_date": "2019-06-30", "bill_amount": 2463919.56, "FY": "2018-2019"}}, {"model": "package_app.bill", "pk": 176, "fields": {"package_no": 55, "bill_type": 1, "bill_date": "2018-12-11", "bill_amount": 1063039.46, "FY": "2018-2019"}}, {"model": "package_app.bill", "pk": 177, "fields": {"package_no": 55, "bill_type": 2, "bill_date": "2019-01-22", "bill_amount": 1054690.19, "FY": "2018-2019"}}, {"model": "package_app.bill", "pk": 178, "fields": {"package_no": 55, "bill_type": 3, "bill_date": "2019-02-26", "bill_amount": 2197671.19, "FY": "2018-2019"}}, {"model": "package_app.bill", "pk": 179, "fields": {"package_no": 55, "bill_type": 4, "bill_date": "2019-03-31", "bill_amount": 1631457.05, "FY": "2018-2019"}}, {"model": "package_app.bill", "pk": 180, "fields": {"package_no": 56, "bill_type": 2, "bill_date": "2019-02-12", "bill_amount": 4266403.87, "FY": "2018-2019"}}, {"model": "package_app.bill", "pk": 181, "fields": {"package_no": 56, "bill_type": 3, "bill_date": "2019-03-04", "bill_amount": 2735729.33, "FY": "2018-2019"}}, {"model": "package_app.bill", "pk": 182, "fields": {"package_no": 56, "bill_type": 4, "bill_date": "2019-06-30", "bill_amount": 2171218.02, "FY": "2018-2019"}}, {"model": "package_app.bill", "pk": 183, "fields": {"package_no": 57, "bill_type": 2, "bill_date": "2019-02-28", "bill_amount": 4501505.448, "FY": "2018-2019"}}, {"model": "package_app.bill", "pk": 184, "fields": {"package_no": 57, "bill_type": 3, "bill_date": "2019-05-22", "bill_amount": 4010454.61, "FY": "2018-2019"}}, {"model": "package_app.bill", "pk": 185, "fields": {"package_no": 58, "bill_type": 2, "bill_date": "2019-02-12", "bill_amount": 6043030.64, "FY": "2018-2019"}}, {"model": "package_app.bill", "pk": 186, "fields": {"package_no": 58, "bill_type": 3, "bill_date": "2019-03-12", "bill_amount": 1002118.23, "FY": "2018-2019"}}, {"model": "package_app.bill", "pk": 187, "fields": {"package_no": 60, "bill_type": 2, "bill_date": "2019-04-02", "bill_amount": 6000605.021, "FY": "2018-2019"}}, {"model": "package_app.bill", "pk": 188, "fields": {"package_no": 60, "bill_type": 3, "bill_date": "2019-05-13", "bill_amount": 3510701.147, "FY": "2018-2019"}}, {"model": "package_app.bill", "pk": 189, "fields": {"package_no": 60, "bill_type": 4, "bill_date": "2019-06-01", "bill_amount": 6849297.0, "FY": "2018-2019"}}, {"model": "package_app.bill", "pk": 190, "fields": {"package_no": 62, "bill_type": 1, "bill_date": "2019-06-26", "bill_amount": 5618365.0, "FY": "2018-2019"}}, {"model": "package_app.bill", "pk": 191, "fields": {"package_no": 64, "bill_type": 2, "bill_date": "2019-06-27", "bill_amount": 5616987.209, "FY": "2018-2019"}}, {"model": "package_app.bill", "pk": 192, "fields": {"package_no": 65, "bill_type": 2, "bill_date": "2019-06-27", "bill_amount": 603740.332, "FY": "2018-2019"}}, {"model": "package_app.bill", "pk": 193, "fields": {"package_no": 67, "bill_type": 2, "bill_date": "2019-06-27", "bill_amount": 1848202.575, "FY": "2018-2019"}}, {"model": "package_app.bill", "pk": 194, "fields": {"package_no": 90, "bill_type": 1, "bill_date": "2019-10-25", "bill_amount": 3000000.0, "FY": "2019-2020"}}, {"model": "package_app.bill", "pk": 196, "fields": {"package_no": 29, "bill_type": 8, "bill_date": "2019-08-20", "bill_amount": 3759681.41, "FY": "2019-2020"}}, {"model": "package_app.bill", "pk": 197, "fields": {"package_no": 29, "bill_type": 9, "bill_date": "2019-09-15", "bill_amount": 9471061.75, "FY": "2019-2020"}}, {"model": "package_app.bill", "pk": 198, "fields": {"package_no": 90, "bill_type": 2, "bill_date": "2019-08-25", "bill_amount": 3000000.0, "FY": "2019-2020"}}, {"model": "package_app.bill", "pk": 199, "fields": {"package_no": 90, "bill_type": 3, "bill_date": "2019-08-25", "bill_amount": 123141413.0, "FY": "2019-2020"}}, {"model": "package_app.bill", "pk": 200, "fields": {"package_no": 64, "bill_type": 3, "bill_date": "2019-10-14", "bill_amount": 705262.13, "FY": "2019-2020"}}, {"model": "package_app.bill", "pk": 201, "fields": {"package_no": 65, "bill_type": 3, "bill_date": "2019-10-14", "bill_amount": 597041.67, "FY": "2019-2020"}}, {"model": "package_app.bill", "pk": 202, "fields": {"package_no": 71, "bill_type": 2, "bill_date": "2019-10-14", "bill_amount": 3584272.74, "FY": "2019-2020"}}, {"model": "package_app.bill", "pk": 204, "fields": {"package_no": 66, "bill_type": 2, "bill_date": "2019-10-14", "bill_amount": 920101.26, "FY": "2019-2020"}}, {"model": "package_app.bill", "pk": 205, "fields": {"package_no": 41, "bill_type": 10, "bill_date": "2019-09-19", "bill_amount": 4000000.0, "FY": "2019-2020"}}, {"model": "package_app.bill", "pk": 206, "fields": {"package_no": 39, "bill_type": 6, "bill_date": "2019-09-17", "bill_amount": 3349458.0, "FY": "2019-2020"}}, {"model": "package_app.bill", "pk": 207, "fields": {"package_no": 40, "bill_type": 10, "bill_date": "2019-08-04", "bill_amount": 2862920.0, "FY": "2019-2020"}}, {"model": "package_app.bill", "pk": 208, "fields": {"package_no": 31, "bill_type": 10, "bill_date": "2019-08-08", "bill_amount": 3712706.0, "FY": "2019-2020"}}, {"model": "package_app.bill", "pk": 209, "fields": {"package_no": 8, "bill_type": 3, "bill_date": "2019-09-29", "bill_amount": 3213634.36, "FY": "2019-2020"}}, {"model": "package_app.bill", "pk": 210, "fields": {"package_no": 68, "bill_type": 2, "bill_date": "2019-11-11", "bill_amount": 2150759.0, "FY": "2019-2020"}}, {"model": "package_app.bill", "pk": 211, "fields": {"package_no": 7, "bill_type": 5, "bill_date": "2019-10-13", "bill_amount": 2939449.1, "FY": "2019-2020"}}, {"model": "package_app.bill", "pk": 212, "fields": {"package_no": 55, "bill_type": 5, "bill_date": "2019-10-13", "bill_amount": 1335358.92, "FY": "2019-2020"}}, {"model": "package_app.bill", "pk": 213, "fields": {"package_no": 5, "bill_type": 6, "bill_date": "2019-10-13", "bill_amount": 1355907.55, "FY": "2019-2020"}}, {"model": "package_app.bill", "pk": 214, "fields": {"package_no": 54, "bill_type": 6, "bill_date": "2019-10-13", "bill_amount": 2011272.5, "FY": "2019-2020"}}, {"model": "package_app.bill", "pk": 215, "fields": {"package_no": 44, "bill_type": 6, "bill_date": "2019-10-13", "bill_amount": 5084834.53, "FY": "2019-2020"}}, {"model": "package_app.bill", "pk": 216, "fields": {"package_no": 38, "bill_type": 3, "bill_date": "2019-10-14", "bill_amount": 1500129.4, "FY": "2019-2020"}}, {"model": "package_app.bill", "pk": 217, "fields": {"package_no": 33, "bill_type": 5, "bill_date": "2019-10-14", "bill_amount": 2077250.36, "FY": "2019-2020"}}, {"model": "package_app.bill", "pk": 218, "fields": {"package_no": 32, "bill_type": 5, "bill_date": "2019-10-14", "bill_amount": 3500402.25, "FY": "2019-2020"}}, {"model": "package_app.bill", "pk": 219, "fields": {"package_no": 6, "bill_type": 3, "bill_date": "2019-11-24", "bill_amount": 3341649.18, "FY": "2019-2020"}}, {"model": "package_app.filecategory", "pk": 1, "fields": {"category": "Estimates"}}, {"model": "package_app.fileup", "pk": 1, "fields": {"package_no": 30, "category": 1, "file_name": "hkhjhlkllkjh", "upload_file": "file/2019/IFT_371722_S2UoGwP.pdf", "created_date": "2019-11-19T11:55:43.824Z"}}, {"model": "package_app.fileup", "pk": 2, "fields": {"package_no": 32, "category": 1, "file_name": "estimate", "upload_file": "file/2019/IFT_370910.pdf", "created_date": "2019-11-19T11:54:18.159Z"}}, {"model": "admin.logentry", "pk": 1, "fields": {"action_time": "2019-08-16T18:44:51.071Z", "user": 1, "content_type": 11, "object_id": "1", "object_repr": "Specialized Division", "action_flag": 1, "change_message": "[{\"added\": {}}]"}}, {"model": "admin.logentry", "pk": 2, "fields": {"action_time": "2019-08-16T18:44:55.231Z", "user": 1, "content_type": 11, "object_id": "1", "object_repr": "Specialized Division", "action_flag": 2, "change_message": "[]"}}, {"model": "admin.logentry", "pk": 3, "fields": {"action_time": "2019-08-16T18:45:05.180Z", "user": 1, "content_type": 11, "object_id": "2", "object_repr": "Faridpur O&M Division", "action_flag": 1, "change_message": "[{\"added\": {}}]"}}, {"model": "admin.logentry", "pk": 4, "fields": {"action_time": "2019-08-16T18:45:12.165Z", "user": 1, "content_type": 11, "object_id": "3", "object_repr": "Magura O&M Division", "action_flag": 1, "change_message": "[{\"added\": {}}]"}}, {"model": "admin.logentry", "pk": 5, "fields": {"action_time": "2019-08-16T18:45:19.432Z", "user": 1, "content_type": 11, "object_id": "4", "object_repr": "Rajbari O&M Division", "action_flag": 1, "change_message": "[{\"added\": {}}]"}}, {"model": "admin.logentry", "pk": 6, "fields": {"action_time": "2019-08-16T18:45:29.783Z", "user": 1, "content_type": 11, "object_id": "5", "object_repr": "Gopalganj O&M Division", "action_flag": 1, "change_message": "[{\"added\": {}}]"}}, {"model": "admin.logentry", "pk": 7, "fields": {"action_time": "2019-08-16T18:45:39.276Z", "user": 1, "content_type": 11, "object_id": "6", "object_repr": "Jessore O&M Division", "action_flag": 1, "change_message": "[{\"added\": {}}]"}}, {"model": "admin.logentry", "pk": 8, "fields": {"action_time": "2019-08-16T18:45:53.428Z", "user": 1, "content_type": 11, "object_id": "7", "object_repr": "Project Management Office", "action_flag": 1, "change_message": "[{\"added\": {}}]"}}, {"model": "admin.logentry", "pk": 9, "fields": {"action_time": "2019-08-16T18:46:13.025Z", "user": 1, "content_type": 9, "object_id": "1", "object_repr": "advance bill", "action_flag": 1, "change_message": "[{\"added\": {}}]"}}, {"model": "admin.logentry", "pk": 10, "fields": {"action_time": "2019-08-16T18:46:27.985Z", "user": 1, "content_type": 9, "object_id": "2", "object_repr": "1st RA Bill", "action_flag": 1, "change_message": "[{\"added\": {}}]"}}, {"model": "admin.logentry", "pk": 11, "fields": {"action_time": "2019-08-16T18:46:36.020Z", "user": 1, "content_type": 9, "object_id": "3", "object_repr": "2nd RA Bill", "action_flag": 1, "change_message": "[{\"added\": {}}]"}}, {"model": "admin.logentry", "pk": 12, "fields": {"action_time": "2019-08-16T18:46:44.357Z", "user": 1, "content_type": 9, "object_id": "4", "object_repr": "3rd RA Bill", "action_flag": 1, "change_message": "[{\"added\": {}}]"}}, {"model": "admin.logentry", "pk": 13, "fields": {"action_time": "2019-08-16T18:46:52.217Z", "user": 1, "content_type": 9, "object_id": "5", "object_repr": "4th RA Bill", "action_flag": 1, "change_message": "[{\"added\": {}}]"}}, {"model": "admin.logentry", "pk": 14, "fields": {"action_time": "2019-08-16T18:46:59.218Z", "user": 1, "content_type": 9, "object_id": "6", "object_repr": "5th RA Bill", "action_flag": 1, "change_message": "[{\"added\": {}}]"}}, {"model": "admin.logentry", "pk": 15, "fields": {"action_time": "2019-08-16T18:47:07.722Z", "user": 1, "content_type": 9, "object_id": "7", "object_repr": "6th RA Bill", "action_flag": 1, "change_message": "[{\"added\": {}}]"}}, {"model": "admin.logentry", "pk": 16, "fields": {"action_time": "2019-08-16T18:47:21.980Z", "user": 1, "content_type": 9, "object_id": "8", "object_repr": "7th RA Bill", "action_flag": 1, "change_message": "[{\"added\": {}}]"}}, {"model": "admin.logentry", "pk": 17, "fields": {"action_time": "2019-08-16T18:47:30.261Z", "user": 1, "content_type": 9, "object_id": "9", "object_repr": "8th RA Bill", "action_flag": 1, "change_message": "[{\"added\": {}}]"}}, {"model": "admin.logentry", "pk": 18, "fields": {"action_time": "2019-08-16T18:47:40.777Z", "user": 1, "content_type": 9, "object_id": "10", "object_repr": "Final  Bill", "action_flag": 1, "change_message": "[{\"added\": {}}]"}}, {"model": "admin.logentry", "pk": 19, "fields": {"action_time": "2019-08-16T18:48:10.694Z", "user": 1, "content_type": 12, "object_id": "1", "object_repr": "Chatler Fakurhat", "action_flag": 1, "change_message": "[{\"added\": {}}]"}}, {"model": "admin.logentry", "pk": 20, "fields": {"action_time": "2019-08-16T18:48:23.313Z", "user": 1, "content_type": 12, "object_id": "2", "object_repr": "Daduria-Kandor Beel", "action_flag": 1, "change_message": "[{\"added\": {}}]"}}, {"model": "admin.logentry", "pk": 21, "fields": {"action_time": "2019-08-16T18:48:30.170Z", "user": 1, "content_type": 12, "object_id": "3", "object_repr": "Alfadanga-Boalmari", "action_flag": 1, "change_message": "[{\"added\": {}}]"}}, {"model": "admin.logentry", "pk": 22, "fields": {"action_time": "2019-08-16T18:48:36.342Z", "user": 1, "content_type": 12, "object_id": "4", "object_repr": "Beel Sukunia", "action_flag": 1, "change_message": "[{\"added\": {}}]"}}, {"model": "admin.logentry", "pk": 23, "fields": {"action_time": "2019-08-16T18:48:44.729Z", "user": 1, "content_type": 12, "object_id": "5", "object_repr": "Horai River", "action_flag": 1, "change_message": "[{\"added\": {}}]"}}, {"model": "admin.logentry", "pk": 24, "fields": {"action_time": "2019-08-16T18:48:57.988Z", "user": 1, "content_type": 12, "object_id": "6", "object_repr": "Kalidaskhali-Arpara", "action_flag": 1, "change_message": "[{\"added\": {}}]"}}, {"model": "admin.logentry", "pk": 25, "fields": {"action_time": "2019-08-16T18:49:09.426Z", "user": 1, "content_type": 12, "object_id": "7", "object_repr": "Purulia-Charbhatpara", "action_flag": 1, "change_message": "[{\"added\": {}}]"}}, {"model": "admin.logentry", "pk": 26, "fields": {"action_time": "2019-08-16T18:49:20.904Z", "user": 1, "content_type": 12, "object_id": "8", "object_repr": "Bamonkhali-Barnali", "action_flag": 1, "change_message": "[{\"added\": {}}]"}}, {"model": "admin.logentry", "pk": 27, "fields": {"action_time": "2019-08-16T18:49:36.076Z", "user": 1, "content_type": 12, "object_id": "9", "object_repr": "Subproject Excluded", "action_flag": 1, "change_message": "[{\"added\": {}}]"}}, {"model": "admin.logentry", "pk": 28, "fields": {"action_time": "2019-08-16T18:50:17.871Z", "user": 1, "content_type": 14, "object_id": "1", "object_repr": "Khal Re-excavation", "action_flag": 1, "change_message": "[{\"added\": {}}]"}}, {"model": "admin.logentry", "pk": 29, "fields": {"action_time": "2019-08-16T18:50:26.820Z", "user": 1, "content_type": 14, "object_id": "2", "object_repr": "Embankment Re-sectioning", "action_flag": 1, "change_message": "[{\"added\": {}}]"}}, {"model": "admin.logentry", "pk": 30, "fields": {"action_time": "2019-08-16T18:50:36.297Z", "user": 1, "content_type": 14, "object_id": "3", "object_repr": "Regulator Construction", "action_flag": 1, "change_message": "[{\"added\": {}}]"}}, {"model": "admin.logentry", "pk": 31, "fields": {"action_time": "2019-08-16T18:50:42.725Z", "user": 1, "content_type": 14, "object_id": "4", "object_repr": "Regulator Repair", "action_flag": 1, "change_message": "[{\"added\": {}}]"}}, {"model": "admin.logentry", "pk": 32, "fields": {"action_time": "2019-08-16T18:50:51.980Z", "user": 1, "content_type": 14, "object_id": "5", "object_repr": "Building Construction", "action_flag": 1, "change_message": "[{\"added\": {}}]"}}, {"model": "admin.logentry", "pk": 33, "fields": {"action_time": "2019-08-16T18:51:01.404Z", "user": 1, "content_type": 14, "object_id": "6", "object_repr": "WMG Building Construction", "action_flag": 1, "change_message": "[{\"added\": {}}]"}}, {"model": "admin.logentry", "pk": 34, "fields": {"action_time": "2019-08-16T18:51:10.862Z", "user": 1, "content_type": 14, "object_id": "7", "object_repr": "Foot Bridge Construction", "action_flag": 1, "change_message": "[{\"added\": {}}]"}}, {"model": "admin.logentry", "pk": 35, "fields": {"action_time": "2019-08-16T18:51:23.759Z", "user": 1, "content_type": 14, "object_id": "8", "object_repr": "Bituminous Carpeting Road", "action_flag": 1, "change_message": "[{\"added\": {}}]"}}, {"model": "admin.logentry", "pk": 36, "fields": {"action_time": "2019-08-16T19:56:16.432Z", "user": 1, "content_type": 11, "object_id": "8", "object_repr": "Central Workshop Division", "action_flag": 1, "change_message": "[{\"added\": {}}]"}}, {"model": "admin.logentry", "pk": 37, "fields": {"action_time": "2019-08-16T20:18:28.807Z", "user": 1, "content_type": 13, "object_id": "4", "object_repr": "SD-AB-ER-I-W04-02", "action_flag": 1, "change_message": "[{\"added\": {}}]"}}, {"model": "admin.logentry", "pk": 38, "fields": {"action_time": "2019-08-16T20:19:05.322Z", "user": 1, "content_type": 13, "object_id": "5", "object_repr": "SD-AB-KEX-I-W06-23", "action_flag": 1, "change_message": "[{\"added\": {}}]"}}, {"model": "admin.logentry", "pk": 39, "fields": {"action_time": "2019-08-16T20:19:47.162Z", "user": 1, "content_type": 13, "object_id": "6", "object_repr": "SD-AB-REG-I-W01-01", "action_flag": 1, "change_message": "[{\"added\": {}}]"}}, {"model": "admin.logentry", "pk": 40, "fields": {"action_time": "2019-08-16T20:20:20.283Z", "user": 1, "content_type": 13, "object_id": "7", "object_repr": "SD-AB-KEX-I-W06-26", "action_flag": 1, "change_message": "[{\"added\": {}}]"}}, {"model": "admin.logentry", "pk": 41, "fields": {"action_time": "2019-08-16T20:20:56.340Z", "user": 1, "content_type": 13, "object_id": "8", "object_repr": "SD-AB-REG-I-W01-02", "action_flag": 1, "change_message": "[{\"added\": {}}]"}}, {"model": "admin.logentry", "pk": 42, "fields": {"action_time": "2019-08-16T20:21:26.609Z", "user": 1, "content_type": 13, "object_id": "9", "object_repr": "SD-AB-WTC-I-W08-09", "action_flag": 1, "change_message": "[{\"added\": {}}]"}}, {"model": "admin.logentry", "pk": 43, "fields": {"action_time": "2019-08-16T20:30:47.845Z", "user": 1, "content_type": 10, "object_id": "3", "object_repr": "SD-AB-ER-I-W04-02", "action_flag": 1, "change_message": "[{\"added\": {}}]"}}, {"model": "admin.logentry", "pk": 44, "fields": {"action_time": "2019-08-16T20:31:49.353Z", "user": 1, "content_type": 10, "object_id": "4", "object_repr": "SD-AB-ER-I-W04-02", "action_flag": 1, "change_message": "[{\"added\": {}}]"}}, {"model": "admin.logentry", "pk": 45, "fields": {"action_time": "2019-08-16T20:32:20.909Z", "user": 1, "content_type": 10, "object_id": "5", "object_repr": "SD-AB-ER-I-W04-02", "action_flag": 1, "change_message": "[{\"added\": {}}]"}}, {"model": "admin.logentry", "pk": 46, "fields": {"action_time": "2019-08-16T20:39:42.614Z", "user": 1, "content_type": 10, "object_id": "6", "object_repr": "SD-AB-KEX-I-W06-23", "action_flag": 1, "change_message": "[{\"added\": {}}]"}}, {"model": "admin.logentry", "pk": 47, "fields": {"action_time": "2019-08-16T20:40:05.289Z", "user": 1, "content_type": 10, "object_id": "7", "object_repr": "SD-AB-KEX-I-W06-23", "action_flag": 1, "change_message": "[{\"added\": {}}]"}}, {"model": "admin.logentry", "pk": 48, "fields": {"action_time": "2019-08-16T20:40:29.789Z", "user": 1, "content_type": 10, "object_id": "8", "object_repr": "SD-AB-KEX-I-W06-23", "action_flag": 1, "change_message": "[{\"added\": {}}]"}}, {"model": "admin.logentry", "pk": 49, "fields": {"action_time": "2019-08-16T20:40:53.184Z", "user": 1, "content_type": 10, "object_id": "9", "object_repr": "SD-AB-KEX-I-W06-23", "action_flag": 1, "change_message": "[{\"added\": {}}]"}}, {"model": "admin.logentry", "pk": 50, "fields": {"action_time": "2019-08-16T20:41:20.565Z", "user": 1, "content_type": 10, "object_id": "10", "object_repr": "SD-AB-KEX-I-W06-23", "action_flag": 1, "change_message": "[{\"added\": {}}]"}}, {"model": "admin.logentry", "pk": 51, "fields": {"action_time": "2019-08-16T20:41:58.093Z", "user": 1, "content_type": 10, "object_id": "11", "object_repr": "SD-AB-REG-I-W01-01", "action_flag": 1, "change_message": "[{\"added\": {}}]"}}, {"model": "admin.logentry", "pk": 52, "fields": {"action_time": "2019-08-16T20:42:47.006Z", "user": 1, "content_type": 10, "object_id": "12", "object_repr": "SD-AB-KEX-I-W06-26", "action_flag": 1, "change_message": "[{\"added\": {}}]"}}, {"model": "admin.logentry", "pk": 53, "fields": {"action_time": "2019-08-16T20:43:13.266Z", "user": 1, "content_type": 10, "object_id": "13", "object_repr": "SD-AB-KEX-I-W06-26", "action_flag": 1, "change_message": "[{\"added\": {}}]"}}, {"model": "admin.logentry", "pk": 54, "fields": {"action_time": "2019-08-16T20:43:49.631Z", "user": 1, "content_type": 10, "object_id": "14", "object_repr": "SD-AB-KEX-I-W06-26", "action_flag": 1, "change_message": "[{\"added\": {}}]"}}, {"model": "admin.logentry", "pk": 55, "fields": {"action_time": "2019-08-16T20:44:20.895Z", "user": 1, "content_type": 10, "object_id": "15", "object_repr": "SD-AB-REG-I-W01-02", "action_flag": 1, "change_message": "[{\"added\": {}}]"}}, {"model": "admin.logentry", "pk": 56, "fields": {"action_time": "2019-08-16T21:24:12.698Z", "user": 1, "content_type": 10, "object_id": "4", "object_repr": "SD-AB-ER-I-W04-02", "action_flag": 2, "change_message": "[{\"changed\": {\"fields\": [\"bill_amount\"]}}]"}}, {"model": "admin.logentry", "pk": 57, "fields": {"action_time": "2019-08-16T21:24:44.196Z", "user": 1, "content_type": 10, "object_id": "5", "object_repr": "SD-AB-ER-I-W04-02", "action_flag": 2, "change_message": "[{\"changed\": {\"fields\": [\"bill_date\", \"bill_amount\"]}}]"}}, {"model": "admin.logentry", "pk": 58, "fields": {"action_time": "2019-08-16T21:25:46.203Z", "user": 1, "content_type": 10, "object_id": "16", "object_repr": "SD-AB-ER-I-W04-02", "action_flag": 1, "change_message": "[{\"added\": {}}]"}}, {"model": "admin.logentry", "pk": 59, "fields": {"action_time": "2019-08-16T21:27:26.525Z", "user": 1, "content_type": 10, "object_id": "12", "object_repr": "SD-AB-KEX-I-W06-26", "action_flag": 2, "change_message": "[{\"changed\": {\"fields\": [\"bill_amount\"]}}]"}}, {"model": "admin.logentry", "pk": 60, "fields": {"action_time": "2019-08-16T21:27:47.671Z", "user": 1, "content_type": 10, "object_id": "13", "object_repr": "SD-AB-KEX-I-W06-26", "action_flag": 2, "change_message": "[]"}}, {"model": "admin.logentry", "pk": 61, "fields": {"action_time": "2019-08-18T13:59:57.538Z", "user": 1, "content_type": 12, "object_id": "9", "object_repr": "Subproject Excluded", "action_flag": 2, "change_message": "[]"}}, {"model": "admin.logentry", "pk": 62, "fields": {"action_time": "2019-08-18T14:00:16.387Z", "user": 1, "content_type": 12, "object_id": "8", "object_repr": "Bamonkhali-Barnali", "action_flag": 2, "change_message": "[{\"changed\": {\"fields\": [\"district_name\"]}}]"}}, {"model": "admin.logentry", "pk": 63, "fields": {"action_time": "2019-08-18T14:00:26.683Z", "user": 1, "content_type": 12, "object_id": "7", "object_repr": "Purulia-Charbhatpara", "action_flag": 2, "change_message": "[{\"changed\": {\"fields\": [\"district_name\"]}}]"}}, {"model": "admin.logentry", "pk": 64, "fields": {"action_time": "2019-08-18T14:00:39.056Z", "user": 1, "content_type": 12, "object_id": "6", "object_repr": "Kalidaskhali-Arpara", "action_flag": 2, "change_message": "[{\"changed\": {\"fields\": [\"district_name\"]}}]"}}, {"model": "admin.logentry", "pk": 65, "fields": {"action_time": "2019-08-18T14:00:48.337Z", "user": 1, "content_type": 12, "object_id": "5", "object_repr": "Horai River", "action_flag": 2, "change_message": "[{\"changed\": {\"fields\": [\"district_name\"]}}]"}}, {"model": "admin.logentry", "pk": 66, "fields": {"action_time": "2019-08-18T14:01:03.794Z", "user": 1, "content_type": 12, "object_id": "4", "object_repr": "Beel Sukunia", "action_flag": 2, "change_message": "[{\"changed\": {\"fields\": [\"district_name\"]}}]"}}, {"model": "admin.logentry", "pk": 67, "fields": {"action_time": "2019-08-18T14:01:13.253Z", "user": 1, "content_type": 12, "object_id": "3", "object_repr": "Alfadanga-Boalmari", "action_flag": 2, "change_message": "[{\"changed\": {\"fields\": [\"district_name\"]}}]"}}, {"model": "admin.logentry", "pk": 68, "fields": {"action_time": "2019-08-18T14:01:20.433Z", "user": 1, "content_type": 12, "object_id": "2", "object_repr": "Daduria-Kandor Beel", "action_flag": 2, "change_message": "[{\"changed\": {\"fields\": [\"district_name\"]}}]"}}, {"model": "admin.logentry", "pk": 69, "fields": {"action_time": "2019-08-18T14:01:29.296Z", "user": 1, "content_type": 12, "object_id": "1", "object_repr": "Chatler Fakurhat", "action_flag": 2, "change_message": "[{\"changed\": {\"fields\": [\"district_name\"]}}]"}}, {"model": "admin.logentry", "pk": 70, "fields": {"action_time": "2019-09-05T18:34:54.527Z", "user": 1, "content_type": 13, "object_id": "8", "object_repr": "SD-AB-REG-I-W01-02", "action_flag": 2, "change_message": "[{\"changed\": {\"fields\": [\"contractor_name\"]}}]"}}, {"model": "admin.logentry", "pk": 71, "fields": {"action_time": "2019-09-05T18:35:09.415Z", "user": 1, "content_type": 13, "object_id": "8", "object_repr": "SD-AB-REG-I-W01-02", "action_flag": 2, "change_message": "[]"}}, {"model": "admin.logentry", "pk": 72, "fields": {"action_time": "2019-09-05T18:35:51.720Z", "user": 1, "content_type": 13, "object_id": "8", "object_repr": "SD-AB-REG-I-W01-02", "action_flag": 2, "change_message": "[{\"changed\": {\"fields\": [\"contractor_name\"]}}]"}}, {"model": "admin.logentry", "pk": 73, "fields": {"action_time": "2019-09-06T18:00:44.311Z", "user": 1, "content_type": 7, "object_id": "76", "object_repr": "M/s. Md. Woahiduzzaman", "action_flag": 1, "change_message": "[{\"added\": {}}]"}}, {"model": "admin.logentry", "pk": 74, "fields": {"action_time": "2019-09-06T18:01:54.480Z", "user": 1, "content_type": 7, "object_id": "77", "object_repr": "M/S. Shikder Enterprise", "action_flag": 1, "change_message": "[{\"added\": {}}]"}}, {"model": "admin.logentry", "pk": 75, "fields": {"action_time": "2019-09-06T18:01:58.630Z", "user": 1, "content_type": 7, "object_id": "77", "object_repr": "M/S. Shikder Enterprise", "action_flag": 2, "change_message": "[]"}}, {"model": "admin.logentry", "pk": 76, "fields": {"action_time": "2019-09-06T18:02:55.983Z", "user": 1, "content_type": 7, "object_id": "78", "object_repr": "Sea-Shine International", "action_flag": 1, "change_message": "[{\"added\": {}}]"}}, {"model": "admin.logentry", "pk": 77, "fields": {"action_time": "2019-09-06T18:03:59.410Z", "user": 1, "content_type": 7, "object_id": "79", "object_repr": "M/S Rupali Construction & SB(JV)", "action_flag": 1, "change_message": "[{\"added\": {}}]"}}, {"model": "admin.logentry", "pk": 78, "fields": {"action_time": "2019-09-06T18:13:31.309Z", "user": 1, "content_type": 11, "object_id": "9", "object_repr": "Project Management Office (PMO)", "action_flag": 1, "change_message": "[{\"added\": {}}]"}}, {"model": "admin.logentry", "pk": 79, "fields": {"action_time": "2019-09-06T18:26:49.171Z", "user": 1, "content_type": 12, "object_id": "12", "object_repr": "Purulia Charbhatpara", "action_flag": 1, "change_message": "[{\"added\": {}}]"}}, {"model": "admin.logentry", "pk": 80, "fields": {"action_time": "2019-09-06T18:31:46.402Z", "user": 1, "content_type": 14, "object_id": "9", "object_repr": "River Bank Protection Work", "action_flag": 1, "change_message": "[{\"added\": {}}]"}}, {"model": "admin.logentry", "pk": 81, "fields": {"action_time": "2019-09-06T18:34:37.391Z", "user": 1, "content_type": 7, "object_id": "80", "object_repr": "n/a", "action_flag": 1, "change_message": "[{\"added\": {}}]"}}, {"model": "admin.logentry", "pk": 82, "fields": {"action_time": "2019-10-11T06:13:26.199Z", "user": 1, "content_type": 13, "object_id": "88", "object_repr": "I-W08-23", "action_flag": 3, "change_message": ""}}, {"model": "admin.logentry", "pk": 83, "fields": {"action_time": "2019-10-11T06:13:48.620Z", "user": 1, "content_type": 11, "object_id": "7", "object_repr": "Project Management Office", "action_flag": 3, "change_message": ""}}, {"model": "admin.logentry", "pk": 84, "fields": {"action_time": "2019-10-11T06:22:22.038Z", "user": 1, "content_type": 13, "object_id": "89", "object_repr": "I-W08-90", "action_flag": 3, "change_message": ""}}, {"model": "admin.logentry", "pk": 85, "fields": {"action_time": "2019-10-11T12:36:37.962Z", "user": 1, "content_type": 8, "object_id": "81", "object_repr": "I-W90-100", "action_flag": 3, "change_message": ""}}, {"model": "admin.logentry", "pk": 86, "fields": {"action_time": "2019-10-11T13:32:19.216Z", "user": 1, "content_type": 4, "object_id": "2", "object_repr": "Beruni", "action_flag": 1, "change_message": "[{\"added\": {}}]"}}, {"model": "admin.logentry", "pk": 87, "fields": {"action_time": "2019-10-11T13:58:17.219Z", "user": 1, "content_type": 8, "object_id": "82", "object_repr": "MAG-KA-KEX-I-W06-27", "action_flag": 3, "change_message": ""}}, {"model": "admin.logentry", "pk": 88, "fields": {"action_time": "2019-10-20T16:04:58.605Z", "user": 1, "content_type": 13, "object_id": "29", "object_repr": "I-W-08-A", "action_flag": 2, "change_message": "[]"}}, {"model": "admin.logentry", "pk": 89, "fields": {"action_time": "2019-10-20T16:12:57.155Z", "user": 1, "content_type": 13, "object_id": "29", "object_repr": "I-W-08-A", "action_flag": 2, "change_message": "[]"}}, {"model": "admin.logentry", "pk": 90, "fields": {"action_time": "2019-10-20T16:14:12.237Z", "user": 1, "content_type": 13, "object_id": "30", "object_repr": "SD-CF-KEX-I-W06-01", "action_flag": 2, "change_message": "[]"}}, {"model": "admin.logentry", "pk": 91, "fields": {"action_time": "2019-10-20T16:14:19.538Z", "user": 1, "content_type": 13, "object_id": "32", "object_repr": "SD-CF-KEX-I-W06-02", "action_flag": 2, "change_message": "[]"}}, {"model": "admin.logentry", "pk": 92, "fields": {"action_time": "2019-10-20T16:14:58.203Z", "user": 1, "content_type": 13, "object_id": "33", "object_repr": "SD-CF-KEX-I-W06-03", "action_flag": 2, "change_message": "[]"}}, {"model": "admin.logentry", "pk": 93, "fields": {"action_time": "2019-10-20T16:15:05.601Z", "user": 1, "content_type": 13, "object_id": "34", "object_repr": "SD-CF-KEX-I-W06-04", "action_flag": 2, "change_message": "[]"}}, {"model": "admin.logentry", "pk": 94, "fields": {"action_time": "2019-10-20T16:15:12.038Z", "user": 1, "content_type": 13, "object_id": "34", "object_repr": "SD-CF-KEX-I-W06-04", "action_flag": 2, "change_message": "[]"}}, {"model": "admin.logentry", "pk": 95, "fields": {"action_time": "2019-10-20T16:15:17.940Z", "user": 1, "content_type": 13, "object_id": "38", "object_repr": "SD-CF-KEX-I-W06-08", "action_flag": 2, "change_message": "[]"}}, {"model": "admin.logentry", "pk": 96, "fields": {"action_time": "2019-10-20T16:15:26.852Z", "user": 1, "content_type": 13, "object_id": "5", "object_repr": "SD-AB-KEX-I-W06-23", "action_flag": 2, "change_message": "[]"}}, {"model": "admin.logentry", "pk": 97, "fields": {"action_time": "2019-10-20T16:15:34.229Z", "user": 1, "content_type": 13, "object_id": "54", "object_repr": "SD-CF-KEX-I-W06-21", "action_flag": 2, "change_message": "[]"}}, {"model": "admin.logentry", "pk": 98, "fields": {"action_time": "2019-10-20T16:15:40.425Z", "user": 1, "content_type": 13, "object_id": "55", "object_repr": "SD-CF-KEX-I-W06-22", "action_flag": 2, "change_message": "[]"}}, {"model": "admin.logentry", "pk": 99, "fields": {"action_time": "2019-10-20T16:15:59.386Z", "user": 1, "content_type": 13, "object_id": "44", "object_repr": "SD-CF-KEX1-I-W06-11", "action_flag": 2, "change_message": "[]"}}, {"model": "admin.logentry", "pk": 100, "fields": {"action_time": "2019-10-30T16:10:39.541Z", "user": 1, "content_type": 10, "object_id": "195", "object_repr": "I-W-08-A", "action_flag": 3, "change_message": ""}}, {"model": "admin.logentry", "pk": 101, "fields": {"action_time": "2019-10-30T16:37:34.936Z", "user": 1, "content_type": 10, "object_id": "17", "object_repr": "I-W-08-A", "action_flag": 2, "change_message": "[{\"changed\": {\"fields\": [\"bill_date\"]}}]"}}, {"model": "admin.logentry", "pk": 102, "fields": {"action_time": "2019-10-30T16:39:24.843Z", "user": 1, "content_type": 10, "object_id": "189", "object_repr": "MAG-KA-KEX-I-W06-28", "action_flag": 2, "change_message": "[{\"changed\": {\"fields\": [\"bill_date\"]}}]"}}, {"model": "admin.logentry", "pk": 103, "fields": {"action_time": "2019-10-30T16:40:02.862Z", "user": 1, "content_type": 10, "object_id": "172", "object_repr": "SD-CF-KEX-I-W06-21", "action_flag": 2, "change_message": "[{\"changed\": {\"fields\": [\"bill_date\"]}}]"}}, {"model": "admin.logentry", "pk": 104, "fields": {"action_time": "2019-10-30T16:41:27.856Z", "user": 1, "content_type": 10, "object_id": "170", "object_repr": "RAJ-HR-KEX-I-W06-20", "action_flag": 2, "change_message": "[{\"changed\": {\"fields\": [\"bill_date\"]}}]"}}, {"model": "admin.logentry", "pk": 105, "fields": {"action_time": "2019-10-30T16:43:03.990Z", "user": 1, "content_type": 10, "object_id": "159", "object_repr": "RAJ-HR-KEX-I-W06-15", "action_flag": 2, "change_message": "[{\"changed\": {\"fields\": [\"bill_date\"]}}]"}}, {"model": "admin.logentry", "pk": 106, "fields": {"action_time": "2019-10-30T16:49:26.404Z", "user": 1, "content_type": 10, "object_id": "142", "object_repr": "MAG-KA-KEX-I-W06-10", "action_flag": 2, "change_message": "[{\"changed\": {\"fields\": [\"bill_date\"]}}]"}}, {"model": "admin.logentry", "pk": 107, "fields": {"action_time": "2019-10-30T16:49:49.893Z", "user": 1, "content_type": 10, "object_id": "143", "object_repr": "MAG-KA-KEX-I-W06-10", "action_flag": 2, "change_message": "[{\"changed\": {\"fields\": [\"bill_date\"]}}]"}}, {"model": "admin.logentry", "pk": 108, "fields": {"action_time": "2019-10-30T16:50:15.931Z", "user": 1, "content_type": 10, "object_id": "138", "object_repr": "MAG-KA-KEX-I-W06-09", "action_flag": 2, "change_message": "[{\"changed\": {\"fields\": [\"bill_date\"]}}]"}}, {"model": "admin.logentry", "pk": 109, "fields": {"action_time": "2019-10-30T16:51:54.982Z", "user": 1, "content_type": 10, "object_id": "132", "object_repr": "GOP-PC-RP-I-W03-03", "action_flag": 2, "change_message": "[{\"changed\": {\"fields\": [\"bill_date\"]}}]"}}, {"model": "admin.logentry", "pk": 110, "fields": {"action_time": "2019-10-30T16:52:37.629Z", "user": 1, "content_type": 10, "object_id": "63", "object_repr": "GOP-PC-RP-I-W03-02", "action_flag": 2, "change_message": "[{\"changed\": {\"fields\": [\"bill_date\"]}}]"}}, {"model": "admin.logentry", "pk": 111, "fields": {"action_time": "2019-10-30T16:53:22.901Z", "user": 1, "content_type": 10, "object_id": "58", "object_repr": "GOP-PC-RP-I-W03-01", "action_flag": 2, "change_message": "[{\"changed\": {\"fields\": [\"bill_date\"]}}]"}}, {"model": "admin.logentry", "pk": 112, "fields": {"action_time": "2019-10-30T16:53:49.673Z", "user": 1, "content_type": 10, "object_id": "56", "object_repr": "SD-CF-KEX-I-W06-08", "action_flag": 2, "change_message": "[{\"changed\": {\"fields\": [\"bill_date\"]}}]"}}, {"model": "admin.logentry", "pk": 113, "fields": {"action_time": "2019-10-30T16:55:02.347Z", "user": 1, "content_type": 10, "object_id": "52", "object_repr": "FAR-BS-KEX-I-W06-07", "action_flag": 2, "change_message": "[{\"changed\": {\"fields\": [\"bill_date\"]}}]"}}, {"model": "admin.logentry", "pk": 114, "fields": {"action_time": "2019-10-30T16:55:25.584Z", "user": 1, "content_type": 10, "object_id": "51", "object_repr": "MAG-KA-KEX-I-W06-06", "action_flag": 2, "change_message": "[{\"changed\": {\"fields\": [\"bill_date\"]}}]"}}, {"model": "admin.logentry", "pk": 115, "fields": {"action_time": "2019-10-30T16:55:57.249Z", "user": 1, "content_type": 10, "object_id": "49", "object_repr": "MAG-KA-KEX-I-W06-06", "action_flag": 2, "change_message": "[{\"changed\": {\"fields\": [\"bill_date\"]}}]"}}, {"model": "admin.logentry", "pk": 116, "fields": {"action_time": "2019-10-30T16:57:12.579Z", "user": 1, "content_type": 10, "object_id": "48", "object_repr": "MAG-KA-KEX-I-W06-05", "action_flag": 2, "change_message": "[{\"changed\": {\"fields\": [\"bill_date\"]}}]"}}, {"model": "admin.logentry", "pk": 117, "fields": {"action_time": "2019-10-30T16:57:37.383Z", "user": 1, "content_type": 10, "object_id": "45", "object_repr": "MAG-KA-KEX-I-W06-05", "action_flag": 2, "change_message": "[{\"changed\": {\"fields\": [\"bill_date\"]}}]"}}, {"model": "admin.logentry", "pk": 118, "fields": {"action_time": "2019-10-30T16:58:00.435Z", "user": 1, "content_type": 10, "object_id": "37", "object_repr": "SD-CF-KEX-I-W06-03", "action_flag": 2, "change_message": "[{\"changed\": {\"fields\": [\"bill_date\"]}}]"}}, {"model": "admin.logentry", "pk": 119, "fields": {"action_time": "2019-10-30T17:43:24.448Z", "user": 1, "content_type": 10, "object_id": "33", "object_repr": "SD-CF-KEX-I-W06-02", "action_flag": 2, "change_message": "[{\"changed\": {\"fields\": [\"bill_date\"]}}]"}}, {"model": "admin.logentry", "pk": 120, "fields": {"action_time": "2019-10-30T17:48:26.740Z", "user": 1, "content_type": 10, "object_id": "18", "object_repr": "I-W-08-A", "action_flag": 2, "change_message": "[{\"changed\": {\"fields\": [\"bill_date\"]}}]"}}, {"model": "admin.logentry", "pk": 121, "fields": {"action_time": "2019-10-30T17:48:55.278Z", "user": 1, "content_type": 10, "object_id": "19", "object_repr": "I-W-08-A", "action_flag": 2, "change_message": "[{\"changed\": {\"fields\": [\"bill_date\"]}}]"}}, {"model": "admin.logentry", "pk": 122, "fields": {"action_time": "2019-10-30T17:49:14.707Z", "user": 1, "content_type": 10, "object_id": "20", "object_repr": "I-W-08-A", "action_flag": 2, "change_message": "[{\"changed\": {\"fields\": [\"bill_date\"]}}]"}}, {"model": "admin.logentry", "pk": 123, "fields": {"action_time": "2019-10-30T17:51:59.169Z", "user": 1, "content_type": 10, "object_id": "23", "object_repr": "I-W-08-A", "action_flag": 2, "change_message": "[{\"changed\": {\"fields\": [\"bill_date\"]}}]"}}, {"model": "admin.logentry", "pk": 124, "fields": {"action_time": "2019-10-30T17:52:17.974Z", "user": 1, "content_type": 10, "object_id": "24", "object_repr": "I-W-08-A", "action_flag": 2, "change_message": "[{\"changed\": {\"fields\": [\"bill_date\"]}}]"}}, {"model": "admin.logentry", "pk": 125, "fields": {"action_time": "2019-10-30T17:53:08.878Z", "user": 1, "content_type": 10, "object_id": "196", "object_repr": "I-W-08-A", "action_flag": 1, "change_message": "[{\"added\": {}}]"}}, {"model": "admin.logentry", "pk": 126, "fields": {"action_time": "2019-10-30T17:53:54.359Z", "user": 1, "content_type": 10, "object_id": "197", "object_repr": "I-W-08-A", "action_flag": 1, "change_message": "[{\"added\": {}}]"}}, {"model": "admin.logentry", "pk": 127, "fields": {"action_time": "2019-10-30T18:57:54.583Z", "user": 1, "content_type": 8, "object_id": "80", "object_repr": "I-W90-100", "action_flag": 2, "change_message": "[{\"changed\": {\"fields\": [\"evaluation_submission_date\"]}}]"}}, {"model": "admin.logentry", "pk": 128, "fields": {"action_time": "2019-11-17T16:11:43.390Z", "user": 1, "content_type": 16, "object_id": "1", "object_repr": "Estimates", "action_flag": 1, "change_message": "[{\"added\": {}}]"}}, {"model": "admin.logentry", "pk": 129, "fields": {"action_time": "2019-11-17T16:58:41.758Z", "user": 1, "content_type": 17, "object_id": "1", "object_repr": "hkhjhlkllkjh", "action_flag": 1, "change_message": "[{\"added\": {}}]"}}, {"model": "admin.logentry", "pk": 130, "fields": {"action_time": "2019-11-18T08:13:38.903Z", "user": 1, "content_type": 10, "object_id": "203", "object_repr": "FAR-CWD-REG-I-W01-07", "action_flag": 3, "change_message": ""}}, {"model": "admin.logentry", "pk": 131, "fields": {"action_time": "2019-11-19T11:50:29.935Z", "user": 1, "content_type": 17, "object_id": "1", "object_repr": "hkhjhlkllkjh", "action_flag": 2, "change_message": "[{\"changed\": {\"fields\": [\"upload_file\"]}}]"}}, {"model": "admin.logentry", "pk": 132, "fields": {"action_time": "2019-11-19T11:54:18.170Z", "user": 1, "content_type": 17, "object_id": "2", "object_repr": "estimate", "action_flag": 1, "change_message": "[{\"added\": {}}]"}}, {"model": "admin.logentry", "pk": 133, "fields": {"action_time": "2019-11-19T11:55:43.827Z", "user": 1, "content_type": 17, "object_id": "1", "object_repr": "hkhjhlkllkjh", "action_flag": 2, "change_message": "[{\"changed\": {\"fields\": [\"upload_file\"]}}]"}}, {"model": "admin.logentry", "pk": 134, "fields": {"action_time": "2019-11-19T11:58:38.099Z", "user": 1, "content_type": 17, "object_id": "2", "object_repr": "estimate", "action_flag": 2, "change_message": "[{\"changed\": {\"fields\": [\"upload_file\"]}}]"}}, {"model": "admin.logentry", "pk": 135, "fields": {"action_time": "2019-12-01T09:24:58.927Z", "user": 1, "content_type": 8, "object_id": "80", "object_repr": "I-W90-100", "action_flag": 2, "change_message": "[{\"changed\": {\"fields\": [\"app_date\", \"ift_date\", \"opening_date\", \"evaluation_submission_date\"]}}]"}}]